dataset,model,test_score,classes,transf_metric,transf_score
sun397,densenet121,0.4972795969773301,397,bot_overall_+I_scorer,0.0204173079441356
sun397,densenet161,0.5144584382871537,397,bot_overall_+I_scorer,0.24107438500626444
sun397,densenet169,0.5147103274559194,397,bot_overall_+I_scorer,0.11556751203231638
sun397,efficientnet_b0,0.5225188916876574,397,bot_overall_+I_scorer,0.2862829725404421
sun397,mobilenetv2_050,0.4110327455919396,397,bot_overall_+I_scorer,-0.6719105921280148
sun397,mobilenetv2_100,0.5004030226700252,397,bot_overall_+I_scorer,-0.09856124914039938
sun397,resnet18,0.4750125944584382,397,bot_overall_+I_scorer,-0.3611627557920005
sun397,resnet34,0.4847355163727961,397,bot_overall_+I_scorer,-0.07097911450763386
sun397,resnet50,0.5622166246851386,397,bot_overall_+I_scorer,0.1588176047996715
sun397,vit_small_patch16_224,0.666095717884131,397,bot_overall_+I_scorer,0.3804539292452122
sun397,densenet121,0.4972795969773301,397,bot_per_scorer_+I_scorer,0.012141391876445445
sun397,densenet161,0.5144584382871537,397,bot_per_scorer_+I_scorer,0.19895212198040058
sun397,densenet169,0.5147103274559194,397,bot_per_scorer_+I_scorer,0.25017464399744727
sun397,efficientnet_b0,0.5225188916876574,397,bot_per_scorer_+I_scorer,0.2546774376652976
sun397,mobilenetv2_050,0.4110327455919396,397,bot_per_scorer_+I_scorer,-0.6535200324454786
sun397,mobilenetv2_100,0.5004030226700252,397,bot_per_scorer_+I_scorer,-0.004165114301760239
sun397,resnet18,0.4750125944584382,397,bot_per_scorer_+I_scorer,-0.34726357323976725
sun397,resnet34,0.4847355163727961,397,bot_per_scorer_+I_scorer,-0.1685491489254357
sun397,resnet50,0.5622166246851386,397,bot_per_scorer_+I_scorer,0.18928745410010028
sun397,vit_small_patch16_224,0.666095717884131,397,bot_per_scorer_+I_scorer,0.26826481929274015
sun397,densenet121,0.4972795969773301,397,bot_per_scorer_dataset_+I_scorer,0.012141391876445324
sun397,densenet161,0.5144584382871537,397,bot_per_scorer_dataset_+I_scorer,0.19895212198040055
sun397,densenet169,0.5147103274559194,397,bot_per_scorer_dataset_+I_scorer,0.2501746439974471
sun397,efficientnet_b0,0.5225188916876574,397,bot_per_scorer_dataset_+I_scorer,0.2546774376652975
sun397,mobilenetv2_050,0.4110327455919396,397,bot_per_scorer_dataset_+I_scorer,-0.653520032445479
sun397,mobilenetv2_100,0.5004030226700252,397,bot_per_scorer_dataset_+I_scorer,-0.004165114301760415
sun397,resnet18,0.4750125944584382,397,bot_per_scorer_dataset_+I_scorer,-0.3472635732397675
sun397,resnet34,0.4847355163727961,397,bot_per_scorer_dataset_+I_scorer,-0.16854914892543582
sun397,resnet50,0.5622166246851386,397,bot_per_scorer_dataset_+I_scorer,0.18928745410010017
sun397,vit_small_patch16_224,0.666095717884131,397,bot_per_scorer_dataset_+I_scorer,0.26826481929274004
sun397,densenet121,0.4972795969773301,397,bot_svm_+I_scorer,0.1573052307040148
sun397,densenet161,0.5144584382871537,397,bot_svm_+I_scorer,0.22227650076710842
sun397,densenet169,0.5147103274559194,397,bot_svm_+I_scorer,0.19648690969996885
sun397,efficientnet_b0,0.5225188916876574,397,bot_svm_+I_scorer,0.19493108534482861
sun397,mobilenetv2_050,0.4110327455919396,397,bot_svm_+I_scorer,0.008558217101405516
sun397,mobilenetv2_100,0.5004030226700252,397,bot_svm_+I_scorer,0.132458707961167
sun397,resnet18,0.4750125944584382,397,bot_svm_+I_scorer,0.01045926731869197
sun397,resnet34,0.4847355163727961,397,bot_svm_+I_scorer,0.06563697359363162
sun397,resnet50,0.5622166246851386,397,bot_svm_+I_scorer,0.10606370693737989
sun397,vit_small_patch16_224,0.666095717884131,397,bot_svm_+I_scorer,0.22524466735506182
sun397,densenet121,0.4972795969773301,397,bot_lsq_+I_scorer,0.07544021069198005
sun397,densenet161,0.5144584382871537,397,bot_lsq_+I_scorer,0.7947471892222001
sun397,densenet169,0.5147103274559194,397,bot_lsq_+I_scorer,0.6813944939769284
sun397,efficientnet_b0,0.5225188916876574,397,bot_lsq_+I_scorer,0.5620676281267138
sun397,mobilenetv2_050,0.4110327455919396,397,bot_lsq_+I_scorer,-1.9767547983116918
sun397,mobilenetv2_100,0.5004030226700252,397,bot_lsq_+I_scorer,-0.2731647749422436
sun397,resnet18,0.4750125944584382,397,bot_lsq_+I_scorer,-0.570696387416249
sun397,resnet34,0.4847355163727961,397,bot_lsq_+I_scorer,-0.0022000372117241974
sun397,resnet50,0.5622166246851386,397,bot_lsq_+I_scorer,-0.36007254679545286
sun397,vit_small_patch16_224,0.666095717884131,397,bot_lsq_+I_scorer,1.069239022659528
aircraft,densenet121,0.4713725490196079,100,bot_overall_+I_scorer,0.02223052240925617
aircraft,densenet161,0.5639750445632798,100,bot_overall_+I_scorer,0.2624836502854784
aircraft,densenet169,0.5251693404634581,100,bot_overall_+I_scorer,0.12583079870499345
aircraft,efficientnet_b0,0.5297682709447415,100,bot_overall_+I_scorer,0.3117071091772771
aircraft,mobilenetv2_050,0.2754367201426025,100,bot_overall_+I_scorer,-0.7315814365041545
aircraft,mobilenetv2_100,0.4710516934046345,100,bot_overall_+I_scorer,-0.10731424846483059
aircraft,resnet18,0.436969696969697,100,bot_overall_+I_scorer,-0.39323679487965374
aircraft,resnet34,0.4572281639928699,100,bot_overall_+I_scorer,-0.07728260748030345
aircraft,resnet50,0.4186452762923352,100,bot_overall_+I_scorer,0.17292183338487424
aircraft,vit_small_patch16_224,0.565427807486631,100,bot_overall_+I_scorer,0.414241173367056
aircraft,densenet121,0.4713725490196079,100,bot_per_scorer_+I_scorer,0.07623911535075185
aircraft,densenet161,0.5639750445632798,100,bot_per_scorer_+I_scorer,0.2623597379111099
aircraft,densenet169,0.5251693404634581,100,bot_per_scorer_+I_scorer,0.26610797106993017
aircraft,efficientnet_b0,0.5297682709447415,100,bot_per_scorer_+I_scorer,0.2827908716575132
aircraft,mobilenetv2_050,0.2754367201426025,100,bot_per_scorer_+I_scorer,-0.5633680709746015
aircraft,mobilenetv2_100,0.4710516934046345,100,bot_per_scorer_+I_scorer,0.0026097498339092903
aircraft,resnet18,0.436969696969697,100,bot_per_scorer_+I_scorer,-0.33503175614953734
aircraft,resnet34,0.4572281639928699,100,bot_per_scorer_+I_scorer,-0.2648130651873574
aircraft,resnet50,0.4186452762923352,100,bot_per_scorer_+I_scorer,0.16648179324094364
aircraft,vit_small_patch16_224,0.565427807486631,100,bot_per_scorer_+I_scorer,0.10662365324732674
aircraft,densenet121,0.4713725490196079,100,bot_per_scorer_dataset_+I_scorer,0.07623911535075177
aircraft,densenet161,0.5639750445632798,100,bot_per_scorer_dataset_+I_scorer,0.2623597379111099
aircraft,densenet169,0.5251693404634581,100,bot_per_scorer_dataset_+I_scorer,0.26610797106993006
aircraft,efficientnet_b0,0.5297682709447415,100,bot_per_scorer_dataset_+I_scorer,0.2827908716575132
aircraft,mobilenetv2_050,0.2754367201426025,100,bot_per_scorer_dataset_+I_scorer,-0.5633680709746016
aircraft,mobilenetv2_100,0.4710516934046345,100,bot_per_scorer_dataset_+I_scorer,0.0026097498339091914
aircraft,resnet18,0.436969696969697,100,bot_per_scorer_dataset_+I_scorer,-0.33503175614953756
aircraft,resnet34,0.4572281639928699,100,bot_per_scorer_dataset_+I_scorer,-0.2648130651873577
aircraft,resnet50,0.4186452762923352,100,bot_per_scorer_dataset_+I_scorer,0.16648179324094364
aircraft,vit_small_patch16_224,0.565427807486631,100,bot_per_scorer_dataset_+I_scorer,0.10662365324732666
aircraft,densenet121,0.4713725490196079,100,bot_svm_+I_scorer,0.15190270097030262
aircraft,densenet161,0.5639750445632798,100,bot_svm_+I_scorer,0.19452419514960514
aircraft,densenet169,0.5251693404634581,100,bot_svm_+I_scorer,0.15989528759421748
aircraft,efficientnet_b0,0.5297682709447415,100,bot_svm_+I_scorer,0.17683520128397429
aircraft,mobilenetv2_050,0.2754367201426025,100,bot_svm_+I_scorer,0.012944379012886156
aircraft,mobilenetv2_100,0.4710516934046345,100,bot_svm_+I_scorer,0.11353865336936322
aircraft,resnet18,0.436969696969697,100,bot_svm_+I_scorer,0.0025362092279071213
aircraft,resnet34,0.4572281639928699,100,bot_svm_+I_scorer,0.0431499191113566
aircraft,resnet50,0.4186452762923352,100,bot_svm_+I_scorer,0.12153691473675958
aircraft,vit_small_patch16_224,0.565427807486631,100,bot_svm_+I_scorer,0.12214754338870756
aircraft,densenet121,0.4713725490196079,100,bot_lsq_+I_scorer,0.08214506246190198
aircraft,densenet161,0.5639750445632798,100,bot_lsq_+I_scorer,0.6973380601852393
aircraft,densenet169,0.5251693404634581,100,bot_lsq_+I_scorer,0.4613852542108683
aircraft,efficientnet_b0,0.5297682709447415,100,bot_lsq_+I_scorer,0.5984546356183906
aircraft,mobilenetv2_050,0.2754367201426025,100,bot_lsq_+I_scorer,-2.1860398702914092
aircraft,mobilenetv2_100,0.4710516934046345,100,bot_lsq_+I_scorer,-0.40383903702666857
aircraft,resnet18,0.436969696969697,100,bot_lsq_+I_scorer,-0.6190093852458175
aircraft,resnet34,0.4572281639928699,100,bot_lsq_+I_scorer,0.09824114264981082
aircraft,resnet50,0.4186452762923352,100,bot_lsq_+I_scorer,-0.08983250860368598
aircraft,vit_small_patch16_224,0.565427807486631,100,bot_lsq_+I_scorer,1.3611566460413607
caltech101,densenet121,0.8815445752305655,102,bot_overall_+I_scorer,0.02042729593082221
caltech101,densenet161,0.8829722380342162,102,bot_overall_+I_scorer,0.24119231670198407
caltech101,densenet169,0.8758115275142656,102,bot_overall_+I_scorer,0.1156240467515224
caltech101,efficientnet_b0,0.8765689914873004,102,bot_overall_+I_scorer,0.2864230199221101
caltech101,mobilenetv2_050,0.7402435857011531,102,bot_overall_+I_scorer,-0.6722392855124215
caltech101,mobilenetv2_100,0.832364617775022,102,bot_overall_+I_scorer,-0.09860946452936743
caltech101,resnet18,0.8249618148343529,102,bot_overall_+I_scorer,-0.3613394337755204
caltech101,resnet34,0.8647097209885856,102,bot_overall_+I_scorer,-0.07101383693297278
caltech101,resnet50,0.8786984754059276,102,bot_overall_+I_scorer,0.15889529712456815
caltech101,vit_small_patch16_224,0.9325890758913568,102,bot_overall_+I_scorer,0.38064004431927073
caltech101,densenet121,0.8815445752305655,102,bot_per_scorer_+I_scorer,0.0721044160148489
caltech101,densenet161,0.8829722380342162,102,bot_per_scorer_+I_scorer,0.21717838965161496
caltech101,densenet169,0.8758115275142656,102,bot_per_scorer_+I_scorer,0.18041681390014647
caltech101,efficientnet_b0,0.8765689914873004,102,bot_per_scorer_+I_scorer,0.2543477669858212
caltech101,mobilenetv2_050,0.7402435857011531,102,bot_per_scorer_+I_scorer,-0.6804296261774614
caltech101,mobilenetv2_100,0.832364617775022,102,bot_per_scorer_+I_scorer,0.012174972560118943
caltech101,resnet18,0.8249618148343529,102,bot_per_scorer_+I_scorer,-0.3435472832826429
caltech101,resnet34,0.8647097209885856,102,bot_per_scorer_+I_scorer,-0.10621459544027309
caltech101,resnet50,0.8786984754059276,102,bot_per_scorer_+I_scorer,0.18455377677769075
caltech101,vit_small_patch16_224,0.9325890758913568,102,bot_per_scorer_+I_scorer,0.2094153690101285
caltech101,densenet121,0.8815445752305655,102,bot_per_scorer_dataset_+I_scorer,0.07210441601484884
caltech101,densenet161,0.8829722380342162,102,bot_per_scorer_dataset_+I_scorer,0.21717838965161498
caltech101,densenet169,0.8758115275142656,102,bot_per_scorer_dataset_+I_scorer,0.18041681390014647
caltech101,efficientnet_b0,0.8765689914873004,102,bot_per_scorer_dataset_+I_scorer,0.2543477669858211
caltech101,mobilenetv2_050,0.7402435857011531,102,bot_per_scorer_dataset_+I_scorer,-0.6804296261774616
caltech101,mobilenetv2_100,0.832364617775022,102,bot_per_scorer_dataset_+I_scorer,0.012174972560118855
caltech101,resnet18,0.8249618148343529,102,bot_per_scorer_dataset_+I_scorer,-0.34354728328264306
caltech101,resnet34,0.8647097209885856,102,bot_per_scorer_dataset_+I_scorer,-0.10621459544027323
caltech101,resnet50,0.8786984754059276,102,bot_per_scorer_dataset_+I_scorer,0.18455377677769075
caltech101,vit_small_patch16_224,0.9325890758913568,102,bot_per_scorer_dataset_+I_scorer,0.2094153690101285
caltech101,densenet121,0.8815445752305655,102,bot_svm_+I_scorer,0.1279426726370388
caltech101,densenet161,0.8829722380342162,102,bot_svm_+I_scorer,0.17248250892375977
caltech101,densenet169,0.8758115275142656,102,bot_svm_+I_scorer,0.14597103239499323
caltech101,efficientnet_b0,0.8765689914873004,102,bot_svm_+I_scorer,0.1481637890348328
caltech101,mobilenetv2_050,0.7402435857011531,102,bot_svm_+I_scorer,-0.021382779560459697
caltech101,mobilenetv2_100,0.832364617775022,102,bot_svm_+I_scorer,0.10109412054007214
caltech101,resnet18,0.8249618148343529,102,bot_svm_+I_scorer,-0.016935632433243808
caltech101,resnet34,0.8647097209885856,102,bot_svm_+I_scorer,0.038759293427070254
caltech101,resnet50,0.8786984754059276,102,bot_svm_+I_scorer,0.07447410763528733
caltech101,vit_small_patch16_224,0.9325890758913568,102,bot_svm_+I_scorer,0.15655107365992427
caltech101,densenet121,0.8815445752305655,102,bot_lsq_+I_scorer,0.03214427132427653
caltech101,densenet161,0.8829722380342162,102,bot_lsq_+I_scorer,0.6695647202662006
caltech101,densenet169,0.8758115275142656,102,bot_lsq_+I_scorer,0.46382781332747347
caltech101,efficientnet_b0,0.8765689914873004,102,bot_lsq_+I_scorer,0.5590797994526531
caltech101,mobilenetv2_050,0.7402435857011531,102,bot_lsq_+I_scorer,-2.018629599274595
caltech101,mobilenetv2_100,0.832364617775022,102,bot_lsq_+I_scorer,-0.24356248860129598
caltech101,resnet18,0.8249618148343529,102,bot_lsq_+I_scorer,-0.37421550002498793
caltech101,resnet34,0.8647097209885856,102,bot_lsq_+I_scorer,0.037472511413255256
caltech101,resnet50,0.8786984754059276,102,bot_lsq_+I_scorer,-0.19596955781565653
caltech101,vit_small_patch16_224,0.9325890758913568,102,bot_lsq_+I_scorer,1.070288029932671
oxfordpets,densenet121,0.8749529978927144,37,bot_overall_+I_scorer,0.02009121400379722
oxfordpets,densenet161,0.9091687679792296,37,bot_overall_+I_scorer,0.23722407837737636
oxfordpets,densenet169,0.88930303093936,37,bot_overall_+I_scorer,0.11372173170335043
oxfordpets,efficientnet_b0,0.885601714709954,37,bot_overall_+I_scorer,0.28171061937699166
oxfordpets,mobilenetv2_050,0.732783644033913,37,bot_overall_+I_scorer,-0.6611792080914095
oxfordpets,mobilenetv2_100,0.8584925162348174,37,bot_overall_+I_scorer,-0.09698708342840587
oxfordpets,resnet18,0.8580522388049154,37,bot_overall_+I_scorer,-0.3553944641806901
oxfordpets,resnet34,0.8813056148657081,37,bot_overall_+I_scorer,-0.06984547538170906
oxfordpets,resnet50,0.9051590955642684,37,bot_overall_+I_scorer,0.1562810579304203
oxfordpets,vit_small_patch16_224,0.9204170877115228,37,bot_overall_+I_scorer,0.3743775296902727
oxfordpets,densenet121,0.8749529978927144,37,bot_per_scorer_+I_scorer,0.052111260931709605
oxfordpets,densenet161,0.9091687679792296,37,bot_per_scorer_+I_scorer,0.20519197986687016
oxfordpets,densenet169,0.88930303093936,37,bot_per_scorer_+I_scorer,0.19065017491115555
oxfordpets,efficientnet_b0,0.885601714709954,37,bot_per_scorer_+I_scorer,0.25610806437741274
oxfordpets,mobilenetv2_050,0.732783644033913,37,bot_per_scorer_+I_scorer,-0.6901420152882702
oxfordpets,mobilenetv2_100,0.8584925162348174,37,bot_per_scorer_+I_scorer,0.0001494511310339286
oxfordpets,resnet18,0.8580522388049154,37,bot_per_scorer_+I_scorer,-0.3035657822640583
oxfordpets,resnet34,0.8813056148657081,37,bot_per_scorer_+I_scorer,-0.08408127092187187
oxfordpets,resnet50,0.9051590955642684,37,bot_per_scorer_+I_scorer,0.18018183496875073
oxfordpets,vit_small_patch16_224,0.9204170877115228,37,bot_per_scorer_+I_scorer,0.19339630228726012
oxfordpets,densenet121,0.8749529978927144,37,bot_per_scorer_dataset_+I_scorer,0.052111260931709494
oxfordpets,densenet161,0.9091687679792296,37,bot_per_scorer_dataset_+I_scorer,0.20519197986687013
oxfordpets,densenet169,0.88930303093936,37,bot_per_scorer_dataset_+I_scorer,0.19065017491115555
oxfordpets,efficientnet_b0,0.885601714709954,37,bot_per_scorer_dataset_+I_scorer,0.2561080643774128
oxfordpets,mobilenetv2_050,0.732783644033913,37,bot_per_scorer_dataset_+I_scorer,-0.6901420152882705
oxfordpets,mobilenetv2_100,0.8584925162348174,37,bot_per_scorer_dataset_+I_scorer,0.0001494511310337912
oxfordpets,resnet18,0.8580522388049154,37,bot_per_scorer_dataset_+I_scorer,-0.3035657822640586
oxfordpets,resnet34,0.8813056148657081,37,bot_per_scorer_dataset_+I_scorer,-0.084081270921872
oxfordpets,resnet50,0.9051590955642684,37,bot_per_scorer_dataset_+I_scorer,0.1801818349687507
oxfordpets,vit_small_patch16_224,0.9204170877115228,37,bot_per_scorer_dataset_+I_scorer,0.19339630228726018
oxfordpets,densenet121,0.8749529978927144,37,bot_svm_+I_scorer,0.12653545239179176
oxfordpets,densenet161,0.9091687679792296,37,bot_svm_+I_scorer,0.17689072552475335
oxfordpets,densenet169,0.88930303093936,37,bot_svm_+I_scorer,0.15220898170535846
oxfordpets,efficientnet_b0,0.885601714709954,37,bot_svm_+I_scorer,0.12689716141124072
oxfordpets,mobilenetv2_050,0.732783644033913,37,bot_svm_+I_scorer,-0.014487690761499444
oxfordpets,mobilenetv2_100,0.8584925162348174,37,bot_svm_+I_scorer,0.09454053604830637
oxfordpets,resnet18,0.8580522388049154,37,bot_svm_+I_scorer,-0.019521725090770645
oxfordpets,resnet34,0.8813056148657081,37,bot_svm_+I_scorer,0.07183710570632953
oxfordpets,resnet50,0.9051590955642684,37,bot_svm_+I_scorer,0.07758961998478758
oxfordpets,vit_small_patch16_224,0.9204170877115228,37,bot_svm_+I_scorer,0.13199987869227134
oxfordpets,densenet121,0.8749529978927144,37,bot_lsq_+I_scorer,0.15686670141433184
oxfordpets,densenet161,0.9091687679792296,37,bot_lsq_+I_scorer,0.6687000606044674
oxfordpets,densenet169,0.88930303093936,37,bot_lsq_+I_scorer,0.46230290357832465
oxfordpets,efficientnet_b0,0.885601714709954,37,bot_lsq_+I_scorer,0.4363736030621394
oxfordpets,mobilenetv2_050,0.732783644033913,37,bot_lsq_+I_scorer,-1.8355634169780337
oxfordpets,mobilenetv2_100,0.8584925162348174,37,bot_lsq_+I_scorer,-0.39303897389536174
oxfordpets,resnet18,0.8580522388049154,37,bot_lsq_+I_scorer,-0.3994569235836822
oxfordpets,resnet34,0.8813056148657081,37,bot_lsq_+I_scorer,-0.1627144110340463
oxfordpets,resnet50,0.9051590955642684,37,bot_lsq_+I_scorer,-0.1581544817239776
oxfordpets,vit_small_patch16_224,0.9204170877115228,37,bot_lsq_+I_scorer,1.2246849385558303
flowers102,densenet121,0.858917660516678,102,bot_overall_+I_scorer,0.021818590610036867
flowers102,densenet161,0.9144551533143834,102,bot_overall_+I_scorer,0.25761982566016267
flowers102,densenet169,0.8957135720878885,102,bot_overall_+I_scorer,0.12349915276552693
flowers102,efficientnet_b0,0.8851406795994877,102,bot_overall_+I_scorer,0.3059311733738337
flowers102,mobilenetv2_050,0.7601569893406188,102,bot_overall_+I_scorer,-0.7180252252794825
flowers102,mobilenetv2_100,0.8648456641679183,102,bot_overall_+I_scorer,-0.1053257143837065
flowers102,resnet18,0.8643704787540395,102,bot_overall_+I_scorer,-0.38595011319705835
flowers102,resnet34,0.8527516726532692,102,bot_overall_+I_scorer,-0.07585056000244139
flowers102,resnet50,0.8035061471145255,102,bot_overall_+I_scorer,0.16971759010893175
flowers102,vit_small_patch16_224,0.9885636935860358,102,bot_overall_+I_scorer,0.40656528034419126
flowers102,densenet121,0.858917660516678,102,bot_per_scorer_+I_scorer,0.07260784061697906
flowers102,densenet161,0.9144551533143834,102,bot_per_scorer_+I_scorer,0.20996801305067192
flowers102,densenet169,0.8957135720878885,102,bot_per_scorer_+I_scorer,0.13395583961985064
flowers102,efficientnet_b0,0.8851406795994877,102,bot_per_scorer_+I_scorer,0.23781607574671282
flowers102,mobilenetv2_050,0.7601569893406188,102,bot_per_scorer_+I_scorer,-0.7402163424371829
flowers102,mobilenetv2_100,0.8648456641679183,102,bot_per_scorer_+I_scorer,-0.011545261520717567
flowers102,resnet18,0.8643704787540395,102,bot_per_scorer_+I_scorer,-0.241201720562305
flowers102,resnet34,0.8527516726532692,102,bot_per_scorer_+I_scorer,-0.07892636180844255
flowers102,resnet50,0.8035061471145255,102,bot_per_scorer_+I_scorer,0.14915020683400268
flowers102,vit_small_patch16_224,0.9885636935860358,102,bot_per_scorer_+I_scorer,0.26839171046042043
flowers102,densenet121,0.858917660516678,102,bot_per_scorer_dataset_+I_scorer,0.07260784061697893
flowers102,densenet161,0.9144551533143834,102,bot_per_scorer_dataset_+I_scorer,0.2099680130506719
flowers102,densenet169,0.8957135720878885,102,bot_per_scorer_dataset_+I_scorer,0.13395583961985058
flowers102,efficientnet_b0,0.8851406795994877,102,bot_per_scorer_dataset_+I_scorer,0.2378160757467127
flowers102,mobilenetv2_050,0.7601569893406188,102,bot_per_scorer_dataset_+I_scorer,-0.740216342437183
flowers102,mobilenetv2_100,0.8648456641679183,102,bot_per_scorer_dataset_+I_scorer,-0.011545261520717717
flowers102,resnet18,0.8643704787540395,102,bot_per_scorer_dataset_+I_scorer,-0.24120172056230516
flowers102,resnet34,0.8527516726532692,102,bot_per_scorer_dataset_+I_scorer,-0.07892636180844273
flowers102,resnet50,0.8035061471145255,102,bot_per_scorer_dataset_+I_scorer,0.14915020683400265
flowers102,vit_small_patch16_224,0.9885636935860358,102,bot_per_scorer_dataset_+I_scorer,0.2683917104604204
flowers102,densenet121,0.858917660516678,102,bot_svm_+I_scorer,0.1627989500674652
flowers102,densenet161,0.9144551533143834,102,bot_svm_+I_scorer,0.19215381718480493
flowers102,densenet169,0.8957135720878885,102,bot_svm_+I_scorer,0.18351279616076238
flowers102,efficientnet_b0,0.8851406795994877,102,bot_svm_+I_scorer,0.18804486557971042
flowers102,mobilenetv2_050,0.7601569893406188,102,bot_svm_+I_scorer,0.041375872219775504
flowers102,mobilenetv2_100,0.8648456641679183,102,bot_svm_+I_scorer,0.12062961616782031
flowers102,resnet18,0.8643704787540395,102,bot_svm_+I_scorer,0.037615222377798456
flowers102,resnet34,0.8527516726532692,102,bot_svm_+I_scorer,0.05726291190182458
flowers102,resnet50,0.8035061471145255,102,bot_svm_+I_scorer,0.15098697559229812
flowers102,vit_small_patch16_224,0.9885636935860358,102,bot_svm_+I_scorer,0.1996454201624316
flowers102,densenet121,0.858917660516678,102,bot_lsq_+I_scorer,0.11179568568947344
flowers102,densenet161,0.9144551533143834,102,bot_lsq_+I_scorer,0.5073528053408358
flowers102,densenet169,0.8957135720878885,102,bot_lsq_+I_scorer,0.334362799625938
flowers102,efficientnet_b0,0.8851406795994877,102,bot_lsq_+I_scorer,0.5565691384492117
flowers102,mobilenetv2_050,0.7601569893406188,102,bot_lsq_+I_scorer,-2.377473445437147
flowers102,mobilenetv2_100,0.8648456641679183,102,bot_lsq_+I_scorer,-0.3917085246558058
flowers102,resnet18,0.8643704787540395,102,bot_lsq_+I_scorer,-0.2445795349765518
flowers102,resnet34,0.8527516726532692,102,bot_lsq_+I_scorer,0.4588676633174137
flowers102,resnet50,0.8035061471145255,102,bot_lsq_+I_scorer,0.06405604045190148
flowers102,vit_small_patch16_224,0.9885636935860358,102,bot_lsq_+I_scorer,0.9807573721947138
dtd,densenet121,0.6771276595744681,47,bot_overall_+I_scorer,0.021984625586674224
dtd,densenet161,0.7074468085106383,47,bot_overall_+I_scorer,0.25958025942507856
dtd,densenet169,0.6867021276595746,47,bot_overall_+I_scorer,0.12443895585870747
dtd,efficientnet_b0,0.6606382978723404,47,bot_overall_+I_scorer,0.3082592465354605
dtd,mobilenetv2_050,0.5957446808510638,47,bot_overall_+I_scorer,-0.7234892492228729
dtd,mobilenetv2_100,0.6638297872340426,47,bot_overall_+I_scorer,-0.10612722135725779
dtd,resnet18,0.6361702127659573,47,bot_overall_+I_scorer,-0.38888711399482573
dtd,resnet34,0.653723404255319,47,bot_overall_+I_scorer,-0.07642776712745787
dtd,resnet50,0.6670212765957448,47,bot_overall_+I_scorer,0.1710091059823592
dtd,vit_small_patch16_224,0.7585106382978725,47,bot_overall_+I_scorer,0.4096591583141293
dtd,densenet121,0.6771276595744681,47,bot_per_scorer_+I_scorer,0.05565177835609637
dtd,densenet161,0.7074468085106383,47,bot_per_scorer_+I_scorer,0.22610479588508636
dtd,densenet169,0.6867021276595746,47,bot_per_scorer_+I_scorer,0.21066015337218563
dtd,efficientnet_b0,0.6606382978723404,47,bot_per_scorer_+I_scorer,0.28529765979089344
dtd,mobilenetv2_050,0.5957446808510638,47,bot_per_scorer_+I_scorer,-0.6674010150539819
dtd,mobilenetv2_100,0.6638297872340426,47,bot_per_scorer_+I_scorer,0.030093939408435223
dtd,resnet18,0.6361702127659573,47,bot_per_scorer_+I_scorer,-0.350773344120049
dtd,resnet34,0.653723404255319,47,bot_per_scorer_+I_scorer,-0.1642004594737782
dtd,resnet50,0.6670212765957448,47,bot_per_scorer_+I_scorer,0.2312011788818018
dtd,vit_small_patch16_224,0.7585106382978725,47,bot_per_scorer_+I_scorer,0.14336531295330043
dtd,densenet121,0.6771276595744681,47,bot_per_scorer_dataset_+I_scorer,0.05565177835609625
dtd,densenet161,0.7074468085106383,47,bot_per_scorer_dataset_+I_scorer,0.22610479588508636
dtd,densenet169,0.6867021276595746,47,bot_per_scorer_dataset_+I_scorer,0.21066015337218552
dtd,efficientnet_b0,0.6606382978723404,47,bot_per_scorer_dataset_+I_scorer,0.2852976597908934
dtd,mobilenetv2_050,0.5957446808510638,47,bot_per_scorer_dataset_+I_scorer,-0.6674010150539823
dtd,mobilenetv2_100,0.6638297872340426,47,bot_per_scorer_dataset_+I_scorer,0.03009393940843504
dtd,resnet18,0.6361702127659573,47,bot_per_scorer_dataset_+I_scorer,-0.35077334412004924
dtd,resnet34,0.653723404255319,47,bot_per_scorer_dataset_+I_scorer,-0.16420045947377832
dtd,resnet50,0.6670212765957448,47,bot_per_scorer_dataset_+I_scorer,0.23120117888180175
dtd,vit_small_patch16_224,0.7585106382978725,47,bot_per_scorer_dataset_+I_scorer,0.14336531295330052
dtd,densenet121,0.6771276595744681,47,bot_svm_+I_scorer,0.15158656508158952
dtd,densenet161,0.7074468085106383,47,bot_svm_+I_scorer,0.20121213242006195
dtd,densenet169,0.6867021276595746,47,bot_svm_+I_scorer,0.17553240298867392
dtd,efficientnet_b0,0.6606382978723404,47,bot_svm_+I_scorer,0.18591707752104367
dtd,mobilenetv2_050,0.5957446808510638,47,bot_svm_+I_scorer,0.009264787493962118
dtd,mobilenetv2_100,0.6638297872340426,47,bot_svm_+I_scorer,0.1187729103641712
dtd,resnet18,0.6361702127659573,47,bot_svm_+I_scorer,0.0027627706118722034
dtd,resnet34,0.653723404255319,47,bot_svm_+I_scorer,0.044258465967503144
dtd,resnet50,0.6670212765957448,47,bot_svm_+I_scorer,0.13015996247095385
dtd,vit_small_patch16_224,0.7585106382978725,47,bot_svm_+I_scorer,0.14202812241049872
dtd,densenet121,0.6771276595744681,47,bot_lsq_+I_scorer,0.09503864697877494
dtd,densenet161,0.7074468085106383,47,bot_lsq_+I_scorer,0.6095431165402541
dtd,densenet169,0.6867021276595746,47,bot_lsq_+I_scorer,0.41375524778175504
dtd,efficientnet_b0,0.6606382978723404,47,bot_lsq_+I_scorer,0.5929644510358677
dtd,mobilenetv2_050,0.5957446808510638,47,bot_lsq_+I_scorer,-2.144693967283119
dtd,mobilenetv2_100,0.6638297872340426,47,bot_lsq_+I_scorer,-0.3705214678620806
dtd,resnet18,0.6361702127659573,47,bot_lsq_+I_scorer,-0.5030981601054848
dtd,resnet34,0.653723404255319,47,bot_lsq_+I_scorer,0.1385340461590334
dtd,resnet50,0.6670212765957448,47,bot_lsq_+I_scorer,-0.06549161156907296
dtd,vit_small_patch16_224,0.7585106382978725,47,bot_lsq_+I_scorer,1.2339696983240644
stanfordcars,densenet121,0.7406016547474712,196,bot_overall_+I_scorer,0.02158303218473472
stanfordcars,densenet161,0.8046838576698639,196,bot_overall_+I_scorer,0.25483850391744706
stanfordcars,densenet169,0.786676674214534,196,bot_overall_+I_scorer,0.12216582805764192
stanfordcars,efficientnet_b0,0.7527618989500439,196,bot_overall_+I_scorer,0.3026282714248137
stanfordcars,mobilenetv2_050,0.437272996655256,196,bot_overall_+I_scorer,-0.7102732630002966
stanfordcars,mobilenetv2_100,0.7278765181351872,196,bot_overall_+I_scorer,-0.10418859421552164
stanfordcars,resnet18,0.6828571304635248,196,bot_overall_+I_scorer,-0.38178330872582744
stanfordcars,resnet34,0.7015844780125411,196,bot_overall_+I_scorer,-0.07503166024893322
stanfordcars,resnet50,0.6840747116540279,196,bot_overall_+I_scorer,0.16788528072714543
stanfordcars,vit_small_patch16_224,0.7896935435587035,196,bot_overall_+I_scorer,0.40217590987878993
stanfordcars,densenet121,0.7406016547474712,196,bot_per_scorer_+I_scorer,0.05723932538698249
stanfordcars,densenet161,0.8046838576698639,196,bot_per_scorer_+I_scorer,0.24932609047672455
stanfordcars,densenet169,0.786676674214534,196,bot_per_scorer_+I_scorer,0.27297476938580556
stanfordcars,efficientnet_b0,0.7527618989500439,196,bot_per_scorer_+I_scorer,0.2820656542667811
stanfordcars,mobilenetv2_050,0.437272996655256,196,bot_per_scorer_+I_scorer,-0.5957802872313661
stanfordcars,mobilenetv2_100,0.7278765181351872,196,bot_per_scorer_+I_scorer,-0.006720845449758567
stanfordcars,resnet18,0.6828571304635248,196,bot_per_scorer_+I_scorer,-0.3536987137325461
stanfordcars,resnet34,0.7015844780125411,196,bot_per_scorer_+I_scorer,-0.20459474788076065
stanfordcars,resnet50,0.6840747116540279,196,bot_per_scorer_+I_scorer,0.17475673439827588
stanfordcars,vit_small_patch16_224,0.7896935435587035,196,bot_per_scorer_+I_scorer,0.12443202037985143
stanfordcars,densenet121,0.7406016547474712,196,bot_per_scorer_dataset_+I_scorer,0.0572393253869824
stanfordcars,densenet161,0.8046838576698639,196,bot_per_scorer_dataset_+I_scorer,0.24932609047672455
stanfordcars,densenet169,0.786676674214534,196,bot_per_scorer_dataset_+I_scorer,0.27297476938580545
stanfordcars,efficientnet_b0,0.7527618989500439,196,bot_per_scorer_dataset_+I_scorer,0.2820656542667811
stanfordcars,mobilenetv2_050,0.437272996655256,196,bot_per_scorer_dataset_+I_scorer,-0.5957802872313664
stanfordcars,mobilenetv2_100,0.7278765181351872,196,bot_per_scorer_dataset_+I_scorer,-0.006720845449758704
stanfordcars,resnet18,0.6828571304635248,196,bot_per_scorer_dataset_+I_scorer,-0.3536987137325463
stanfordcars,resnet34,0.7015844780125411,196,bot_per_scorer_dataset_+I_scorer,-0.20459474788076074
stanfordcars,resnet50,0.6840747116540279,196,bot_per_scorer_dataset_+I_scorer,0.17475673439827594
stanfordcars,vit_small_patch16_224,0.7896935435587035,196,bot_per_scorer_dataset_+I_scorer,0.12443202037985146
stanfordcars,densenet121,0.7406016547474712,196,bot_svm_+I_scorer,0.1319086562743212
stanfordcars,densenet161,0.8046838576698639,196,bot_svm_+I_scorer,0.18059727520811805
stanfordcars,densenet169,0.786676674214534,196,bot_svm_+I_scorer,0.1387731707674313
stanfordcars,efficientnet_b0,0.7527618989500439,196,bot_svm_+I_scorer,0.14979490788976502
stanfordcars,mobilenetv2_050,0.437272996655256,196,bot_svm_+I_scorer,-0.011640721220661343
stanfordcars,mobilenetv2_100,0.7278765181351872,196,bot_svm_+I_scorer,0.09581038493082865
stanfordcars,resnet18,0.6828571304635248,196,bot_svm_+I_scorer,-0.008741677221989735
stanfordcars,resnet34,0.7015844780125411,196,bot_svm_+I_scorer,0.03439852037630112
stanfordcars,resnet50,0.6840747116540279,196,bot_svm_+I_scorer,0.10460279955562116
stanfordcars,vit_small_patch16_224,0.7896935435587035,196,bot_svm_+I_scorer,0.11913031450216849
stanfordcars,densenet121,0.7406016547474712,196,bot_lsq_+I_scorer,0.11731241016550083
stanfordcars,densenet161,0.8046838576698639,196,bot_lsq_+I_scorer,0.7173534682540065
stanfordcars,densenet169,0.786676674214534,196,bot_lsq_+I_scorer,0.47885195396566
stanfordcars,efficientnet_b0,0.7527618989500439,196,bot_lsq_+I_scorer,0.5237095768025489
stanfordcars,mobilenetv2_050,0.437272996655256,196,bot_lsq_+I_scorer,-2.0675118382178597
stanfordcars,mobilenetv2_100,0.7278765181351872,196,bot_lsq_+I_scorer,-0.3838544905057034
stanfordcars,resnet18,0.6828571304635248,196,bot_lsq_+I_scorer,-0.6310880869026966
stanfordcars,resnet34,0.7015844780125411,196,bot_lsq_+I_scorer,0.08572692780153246
stanfordcars,resnet50,0.6840747116540279,196,bot_lsq_+I_scorer,-0.16575218730143157
stanfordcars,vit_small_patch16_224,0.7896935435587035,196,bot_lsq_+I_scorer,1.3252522659384318
voc2007,densenet121,0.7514751466188293,20,bot_overall_+I_scorer,0.020357295334905004
voc2007,densenet161,0.7688094865635919,20,bot_overall_+I_scorer,0.24036579487761242
voc2007,densenet169,0.7616642285292048,20,bot_overall_+I_scorer,0.1152278243536903
voc2007,efficientnet_b0,0.7380492948126209,20,bot_overall_+I_scorer,0.2854415007750447
voc2007,mobilenetv2_050,0.6371678224743836,20,bot_overall_+I_scorer,-0.6699356447983508
voc2007,mobilenetv2_100,0.7254279118088733,20,bot_overall_+I_scorer,-0.09827154798361058
voc2007,resnet18,0.710734045583304,20,bot_overall_+I_scorer,-0.3601011898210482
voc2007,resnet34,0.731867486891484,20,bot_overall_+I_scorer,-0.07077048554077274
voc2007,resnet50,0.7792620193279538,20,bot_overall_+I_scorer,0.158350792089502
voc2007,vit_small_patch16_224,0.8150206970442622,20,bot_overall_+I_scorer,0.3793356607130203
voc2007,densenet121,0.7514751466188293,20,bot_per_scorer_+I_scorer,0.030096505322273388
voc2007,densenet161,0.7688094865635919,20,bot_per_scorer_+I_scorer,0.1718195837664737
voc2007,densenet169,0.7616642285292048,20,bot_per_scorer_+I_scorer,0.21432891584650315
voc2007,efficientnet_b0,0.7380492948126209,20,bot_per_scorer_+I_scorer,0.25573938754011827
voc2007,mobilenetv2_050,0.6371678224743836,20,bot_per_scorer_+I_scorer,-0.643418251143974
voc2007,mobilenetv2_100,0.7254279118088733,20,bot_per_scorer_+I_scorer,0.010831387632130374
voc2007,resnet18,0.710734045583304,20,bot_per_scorer_+I_scorer,-0.34215055943028205
voc2007,resnet34,0.731867486891484,20,bot_per_scorer_+I_scorer,-0.12697369248893017
voc2007,resnet50,0.7792620193279538,20,bot_per_scorer_+I_scorer,0.24665162969444746
voc2007,vit_small_patch16_224,0.8150206970442622,20,bot_per_scorer_+I_scorer,0.18307509326122695
voc2007,densenet121,0.7514751466188293,20,bot_per_scorer_dataset_+I_scorer,0.030096505322273304
voc2007,densenet161,0.7688094865635919,20,bot_per_scorer_dataset_+I_scorer,0.1718195837664737
voc2007,densenet169,0.7616642285292048,20,bot_per_scorer_dataset_+I_scorer,0.21432891584650307
voc2007,efficientnet_b0,0.7380492948126209,20,bot_per_scorer_dataset_+I_scorer,0.25573938754011827
voc2007,mobilenetv2_050,0.6371678224743836,20,bot_per_scorer_dataset_+I_scorer,-0.6434182511439743
voc2007,mobilenetv2_100,0.7254279118088733,20,bot_per_scorer_dataset_+I_scorer,0.010831387632130237
voc2007,resnet18,0.710734045583304,20,bot_per_scorer_dataset_+I_scorer,-0.34215055943028216
voc2007,resnet34,0.731867486891484,20,bot_per_scorer_dataset_+I_scorer,-0.12697369248893028
voc2007,resnet50,0.7792620193279538,20,bot_per_scorer_dataset_+I_scorer,0.24665162969444743
voc2007,vit_small_patch16_224,0.8150206970442622,20,bot_per_scorer_dataset_+I_scorer,0.183075093261227
voc2007,densenet121,0.7514751466188293,20,bot_svm_+I_scorer,0.13763425322895667
voc2007,densenet161,0.7688094865635919,20,bot_svm_+I_scorer,0.18928341916054814
voc2007,densenet169,0.7616642285292048,20,bot_svm_+I_scorer,0.16535150247425112
voc2007,efficientnet_b0,0.7380492948126209,20,bot_svm_+I_scorer,0.18239574713400847
voc2007,mobilenetv2_050,0.6371678224743836,20,bot_svm_+I_scorer,-0.012282347383855044
voc2007,mobilenetv2_100,0.7254279118088733,20,bot_svm_+I_scorer,0.11349518726138752
voc2007,resnet18,0.710734045583304,20,bot_svm_+I_scorer,-0.001018568282414381
voc2007,resnet34,0.731867486891484,20,bot_svm_+I_scorer,0.054811129208211296
voc2007,resnet50,0.7792620193279538,20,bot_svm_+I_scorer,0.09171019114247185
voc2007,vit_small_patch16_224,0.8150206970442622,20,bot_svm_+I_scorer,0.16471756462425668
voc2007,densenet121,0.7514751466188293,20,bot_lsq_+I_scorer,-0.002547700107552146
voc2007,densenet161,0.7688094865635919,20,bot_lsq_+I_scorer,0.6445446838262819
voc2007,densenet169,0.7616642285292048,20,bot_lsq_+I_scorer,0.4868881065333508
voc2007,efficientnet_b0,0.7380492948126209,20,bot_lsq_+I_scorer,0.6107896673312199
voc2007,mobilenetv2_050,0.6371678224743836,20,bot_lsq_+I_scorer,-1.9271639606475985
voc2007,mobilenetv2_100,0.7254279118088733,20,bot_lsq_+I_scorer,-0.29494184396449324
voc2007,resnet18,0.710734045583304,20,bot_lsq_+I_scorer,-0.4312401478532232
voc2007,resnet34,0.731867486891484,20,bot_lsq_+I_scorer,-0.007625907699784643
voc2007,resnet50,0.7792620193279538,20,bot_lsq_+I_scorer,-0.20643547606100682
voc2007,vit_small_patch16_224,0.8150206970442622,20,bot_lsq_+I_scorer,1.1277325786427876
brain_tumor_kaggle,densenet121,0.7614071680376029,4,bot_overall_+I_scorer,0.022619165073585044
brain_tumor_kaggle,densenet161,0.7662720329024677,4,bot_overall_+I_scorer,0.26707249184806947
brain_tumor_kaggle,densenet169,0.7694594594594595,4,bot_overall_+I_scorer,0.12803062181139838
brain_tumor_kaggle,efficientnet_b0,0.7525675675675676,4,bot_overall_+I_scorer,0.3171564944490536
brain_tumor_kaggle,mobilenetv2_050,0.6845565441217615,4,bot_overall_+I_scorer,-0.7443712285487222
brain_tumor_kaggle,mobilenetv2_100,0.7517890716803761,4,bot_overall_+I_scorer,-0.10919035801709427
brain_tumor_kaggle,resnet18,0.7461368977673326,4,bot_overall_+I_scorer,-0.4001115139195682
brain_tumor_kaggle,resnet34,0.7820945945945946,4,bot_overall_+I_scorer,-0.07863369217028436
brain_tumor_kaggle,resnet50,0.7499324324324325,4,bot_overall_+I_scorer,0.1759449203285865
brain_tumor_kaggle,vit_small_patch16_224,0.7562720329024677,4,bot_overall_+I_scorer,0.42148309914496956
brain_tumor_kaggle,densenet121,0.7614071680376029,4,bot_per_scorer_+I_scorer,0.046114127805204845
brain_tumor_kaggle,densenet161,0.7662720329024677,4,bot_per_scorer_+I_scorer,0.19596058976745817
brain_tumor_kaggle,densenet169,0.7694594594594595,4,bot_per_scorer_+I_scorer,0.20063113256197368
brain_tumor_kaggle,efficientnet_b0,0.7525675675675676,4,bot_per_scorer_+I_scorer,0.2745851033523032
brain_tumor_kaggle,mobilenetv2_050,0.6845565441217615,4,bot_per_scorer_+I_scorer,-0.5960336854461615
brain_tumor_kaggle,mobilenetv2_100,0.7517890716803761,4,bot_per_scorer_+I_scorer,0.007243078906234102
brain_tumor_kaggle,resnet18,0.7461368977673326,4,bot_per_scorer_+I_scorer,-0.37996982815271324
brain_tumor_kaggle,resnet34,0.7820945945945946,4,bot_per_scorer_+I_scorer,-0.19956160841097206
brain_tumor_kaggle,resnet50,0.7499324324324325,4,bot_per_scorer_+I_scorer,0.23595410268478556
brain_tumor_kaggle,vit_small_patch16_224,0.7562720329024677,4,bot_per_scorer_+I_scorer,0.21507698693187394
brain_tumor_kaggle,densenet121,0.7614071680376029,4,bot_per_scorer_dataset_+I_scorer,0.046114127805204734
brain_tumor_kaggle,densenet161,0.7662720329024677,4,bot_per_scorer_dataset_+I_scorer,0.19596058976745823
brain_tumor_kaggle,densenet169,0.7694594594594595,4,bot_per_scorer_dataset_+I_scorer,0.20063113256197362
brain_tumor_kaggle,efficientnet_b0,0.7525675675675676,4,bot_per_scorer_dataset_+I_scorer,0.2745851033523032
brain_tumor_kaggle,mobilenetv2_050,0.6845565441217615,4,bot_per_scorer_dataset_+I_scorer,-0.5960336854461621
brain_tumor_kaggle,mobilenetv2_100,0.7517890716803761,4,bot_per_scorer_dataset_+I_scorer,0.0072430789062339265
brain_tumor_kaggle,resnet18,0.7461368977673326,4,bot_per_scorer_dataset_+I_scorer,-0.3799698281527136
brain_tumor_kaggle,resnet34,0.7820945945945946,4,bot_per_scorer_dataset_+I_scorer,-0.19956160841097226
brain_tumor_kaggle,resnet50,0.7499324324324325,4,bot_per_scorer_dataset_+I_scorer,0.2359541026847855
brain_tumor_kaggle,vit_small_patch16_224,0.7562720329024677,4,bot_per_scorer_dataset_+I_scorer,0.21507698693187396
brain_tumor_kaggle,densenet121,0.7614071680376029,4,bot_svm_+I_scorer,0.13869213125358648
brain_tumor_kaggle,densenet161,0.7662720329024677,4,bot_svm_+I_scorer,0.19007443262200158
brain_tumor_kaggle,densenet169,0.7694594594594595,4,bot_svm_+I_scorer,0.17309456619804608
brain_tumor_kaggle,efficientnet_b0,0.7525675675675676,4,bot_svm_+I_scorer,0.1706382481513578
brain_tumor_kaggle,mobilenetv2_050,0.6845565441217615,4,bot_svm_+I_scorer,0.0016934246555008747
brain_tumor_kaggle,mobilenetv2_100,0.7517890716803761,4,bot_svm_+I_scorer,0.107809809366572
brain_tumor_kaggle,resnet18,0.7461368977673326,4,bot_svm_+I_scorer,0.0033354753291063993
brain_tumor_kaggle,resnet34,0.7820945945945946,4,bot_svm_+I_scorer,0.044918740073280214
brain_tumor_kaggle,resnet50,0.7499324324324325,4,bot_svm_+I_scorer,0.14297981608496582
brain_tumor_kaggle,vit_small_patch16_224,0.7562720329024677,4,bot_svm_+I_scorer,0.10959268051841921
brain_tumor_kaggle,densenet121,0.7614071680376029,4,bot_lsq_+I_scorer,0.07108171819866771
brain_tumor_kaggle,densenet161,0.7662720329024677,4,bot_lsq_+I_scorer,0.5571956640299377
brain_tumor_kaggle,densenet169,0.7694594594594595,4,bot_lsq_+I_scorer,0.40754507645289695
brain_tumor_kaggle,efficientnet_b0,0.7525675675675676,4,bot_lsq_+I_scorer,0.5125371114502766
brain_tumor_kaggle,mobilenetv2_050,0.6845565441217615,4,bot_lsq_+I_scorer,-2.175369909066826
brain_tumor_kaggle,mobilenetv2_100,0.7517890716803761,4,bot_lsq_+I_scorer,-0.3921821128977404
brain_tumor_kaggle,resnet18,0.7461368977673326,4,bot_lsq_+I_scorer,-0.6372186381436595
brain_tumor_kaggle,resnet34,0.7820945945945946,4,bot_lsq_+I_scorer,0.1629449796717721
brain_tumor_kaggle,resnet50,0.7499324324324325,4,bot_lsq_+I_scorer,0.1349117063488529
brain_tumor_kaggle,vit_small_patch16_224,0.7562720329024677,4,bot_lsq_+I_scorer,1.358554403955804
breakhis,densenet121,0.98472168599793,2,bot_overall_+I_scorer,0.02228183451740283
breakhis,densenet161,0.9880595689300466,2,bot_overall_+I_scorer,0.26308951051683566
breakhis,densenet169,0.9894933269530196,2,bot_overall_+I_scorer,0.12612123918283816
breakhis,efficientnet_b0,0.9861327866564435,2,bot_overall_+I_scorer,0.3124265861468957
breakhis,mobilenetv2_050,0.9563582908734324,2,bot_overall_+I_scorer,-0.7332700601494541
breakhis,mobilenetv2_100,0.9804204119290116,2,bot_overall_+I_scorer,-0.10756194936098905
breakhis,resnet18,0.9818994846809028,2,bot_overall_+I_scorer,-0.3941444572626804
breakhis,resnet34,0.990456718089821,2,bot_overall_+I_scorer,-0.07746098986106058
breakhis,resnet50,0.97369933133586,2,bot_overall_+I_scorer,0.17332096857621807
breakhis,vit_small_patch16_224,0.9909270849759922,2,bot_overall_+I_scorer,0.4151973176939916
breakhis,densenet121,0.98472168599793,2,bot_per_scorer_+I_scorer,0.02730106542999351
breakhis,densenet161,0.9880595689300466,2,bot_per_scorer_+I_scorer,0.20698709864771753
breakhis,densenet169,0.9894933269530196,2,bot_per_scorer_+I_scorer,0.2789350349518884
breakhis,efficientnet_b0,0.9861327866564435,2,bot_per_scorer_+I_scorer,0.22437984133619526
breakhis,mobilenetv2_050,0.9563582908734324,2,bot_per_scorer_+I_scorer,-0.5368419724349497
breakhis,mobilenetv2_100,0.9804204119290116,2,bot_per_scorer_+I_scorer,-0.0504418936282061
breakhis,resnet18,0.9818994846809028,2,bot_per_scorer_+I_scorer,-0.39247493783936355
breakhis,resnet34,0.990456718089821,2,bot_per_scorer_+I_scorer,-0.19464206131608683
breakhis,resnet50,0.97369933133586,2,bot_per_scorer_+I_scorer,0.22744084921088026
breakhis,vit_small_patch16_224,0.9909270849759922,2,bot_per_scorer_+I_scorer,0.20935697564192535
breakhis,densenet121,0.98472168599793,2,bot_per_scorer_dataset_+I_scorer,0.027301065429993443
breakhis,densenet161,0.9880595689300466,2,bot_per_scorer_dataset_+I_scorer,0.20698709864771753
breakhis,densenet169,0.9894933269530196,2,bot_per_scorer_dataset_+I_scorer,0.27893503495188837
breakhis,efficientnet_b0,0.9861327866564435,2,bot_per_scorer_dataset_+I_scorer,0.22437984133619526
breakhis,mobilenetv2_050,0.9563582908734324,2,bot_per_scorer_dataset_+I_scorer,-0.5368419724349501
breakhis,mobilenetv2_100,0.9804204119290116,2,bot_per_scorer_dataset_+I_scorer,-0.05044189362820626
breakhis,resnet18,0.9818994846809028,2,bot_per_scorer_dataset_+I_scorer,-0.3924749378393638
breakhis,resnet34,0.990456718089821,2,bot_per_scorer_dataset_+I_scorer,-0.1946420613160869
breakhis,resnet50,0.97369933133586,2,bot_per_scorer_dataset_+I_scorer,0.22744084921088029
breakhis,vit_small_patch16_224,0.9909270849759922,2,bot_per_scorer_dataset_+I_scorer,0.20935697564192549
breakhis,densenet121,0.98472168599793,2,bot_svm_+I_scorer,0.11924127168678675
breakhis,densenet161,0.9880595689300466,2,bot_svm_+I_scorer,0.1550215906269249
breakhis,densenet169,0.9894933269530196,2,bot_svm_+I_scorer,0.1224554306558861
breakhis,efficientnet_b0,0.9861327866564435,2,bot_svm_+I_scorer,0.15264415259930847
breakhis,mobilenetv2_050,0.9563582908734324,2,bot_svm_+I_scorer,-0.027188050755373214
breakhis,mobilenetv2_100,0.9804204119290116,2,bot_svm_+I_scorer,0.08437045592127261
breakhis,resnet18,0.9818994846809028,2,bot_svm_+I_scorer,-0.005981264823681026
breakhis,resnet34,0.990456718089821,2,bot_svm_+I_scorer,0.035817206307063185
breakhis,resnet50,0.97369933133586,2,bot_svm_+I_scorer,0.10011366466710553
breakhis,vit_small_patch16_224,0.9909270849759922,2,bot_svm_+I_scorer,0.0753006365631384
breakhis,densenet121,0.98472168599793,2,bot_lsq_+I_scorer,0.0026665317800808547
breakhis,densenet161,0.9880595689300466,2,bot_lsq_+I_scorer,0.5205169114363729
breakhis,densenet169,0.9894933269530196,2,bot_lsq_+I_scorer,0.44769982343398307
breakhis,efficientnet_b0,0.9861327866564435,2,bot_lsq_+I_scorer,0.5914525003907233
breakhis,mobilenetv2_050,0.9563582908734324,2,bot_lsq_+I_scorer,-1.8631993543915535
breakhis,mobilenetv2_100,0.9804204119290116,2,bot_lsq_+I_scorer,-0.3398239643406227
breakhis,resnet18,0.9818994846809028,2,bot_lsq_+I_scorer,-0.656102020270672
breakhis,resnet34,0.990456718089821,2,bot_lsq_+I_scorer,0.1023198068915711
breakhis,resnet50,0.97369933133586,2,bot_lsq_+I_scorer,0.18314667023499892
breakhis,vit_small_patch16_224,0.9909270849759922,2,bot_lsq_+I_scorer,1.0113230948351213
skin_splits,densenet121,0.8696020633214172,2,bot_overall_+I_scorer,0.023014481136635928
skin_splits,densenet161,0.8887916517351186,2,bot_overall_+I_scorer,0.2717401285925286
skin_splits,densenet169,0.8821900866175455,2,bot_overall_+I_scorer,0.13026821816828138
skin_splits,efficientnet_b0,0.8797737251371518,2,bot_overall_+I_scorer,0.3226994513331208
skin_splits,mobilenetv2_050,0.766613714299033,2,bot_overall_+I_scorer,-0.7573806346236402
skin_splits,mobilenetv2_100,0.8627503037295365,2,bot_overall_+I_scorer,-0.11109868232145953
skin_splits,resnet18,0.877213146754537,2,bot_overall_+I_scorer,-0.40710427903486973
skin_splits,resnet34,0.8713709054782028,2,bot_overall_+I_scorer,-0.0800079763894736
skin_splits,resnet50,0.837430040235059,2,bot_overall_+I_scorer,0.17901991681902957
skin_splits,vit_small_patch16_224,0.8873964624613601,2,bot_overall_+I_scorer,0.4288493763198449
skin_splits,densenet121,0.8696020633214172,2,bot_per_scorer_+I_scorer,-0.04384045204929431
skin_splits,densenet161,0.8887916517351186,2,bot_per_scorer_+I_scorer,0.1542912900765804
skin_splits,densenet169,0.8821900866175455,2,bot_per_scorer_+I_scorer,0.2574361856910792
skin_splits,efficientnet_b0,0.8797737251371518,2,bot_per_scorer_+I_scorer,0.2624516327109024
skin_splits,mobilenetv2_050,0.766613714299033,2,bot_per_scorer_+I_scorer,-0.3989961137073225
skin_splits,mobilenetv2_100,0.8627503037295365,2,bot_per_scorer_+I_scorer,-0.054591883418360757
skin_splits,resnet18,0.877213146754537,2,bot_per_scorer_+I_scorer,-0.40627948465614083
skin_splits,resnet34,0.8713709054782028,2,bot_per_scorer_+I_scorer,-0.2587198850038054
skin_splits,resnet50,0.837430040235059,2,bot_per_scorer_+I_scorer,0.25752914600234156
skin_splits,vit_small_patch16_224,0.8873964624613601,2,bot_per_scorer_+I_scorer,0.23071956435400842
skin_splits,densenet121,0.8696020633214172,2,bot_per_scorer_dataset_+I_scorer,-0.04384045204929431
skin_splits,densenet161,0.8887916517351186,2,bot_per_scorer_dataset_+I_scorer,0.15429129007658046
skin_splits,densenet169,0.8821900866175455,2,bot_per_scorer_dataset_+I_scorer,0.2574361856910791
skin_splits,efficientnet_b0,0.8797737251371518,2,bot_per_scorer_dataset_+I_scorer,0.2624516327109024
skin_splits,mobilenetv2_050,0.766613714299033,2,bot_per_scorer_dataset_+I_scorer,-0.3989961137073228
skin_splits,mobilenetv2_100,0.8627503037295365,2,bot_per_scorer_dataset_+I_scorer,-0.05459188341836084
skin_splits,resnet18,0.877213146754537,2,bot_per_scorer_dataset_+I_scorer,-0.40627948465614105
skin_splits,resnet34,0.8713709054782028,2,bot_per_scorer_dataset_+I_scorer,-0.25871988500380544
skin_splits,resnet50,0.837430040235059,2,bot_per_scorer_dataset_+I_scorer,0.25752914600234156
skin_splits,vit_small_patch16_224,0.8873964624613601,2,bot_per_scorer_dataset_+I_scorer,0.23071956435400845
skin_splits,densenet121,0.8696020633214172,2,bot_svm_+I_scorer,0.09437135045384935
skin_splits,densenet161,0.8887916517351186,2,bot_svm_+I_scorer,0.1601963954705483
skin_splits,densenet169,0.8821900866175455,2,bot_svm_+I_scorer,0.13282235636747622
skin_splits,efficientnet_b0,0.8797737251371518,2,bot_svm_+I_scorer,0.14199378397459086
skin_splits,mobilenetv2_050,0.766613714299033,2,bot_svm_+I_scorer,0.0007603204433483252
skin_splits,mobilenetv2_100,0.8627503037295365,2,bot_svm_+I_scorer,0.07880759917632749
skin_splits,resnet18,0.877213146754537,2,bot_svm_+I_scorer,-0.034069518572917075
skin_splits,resnet34,0.8713709054782028,2,bot_svm_+I_scorer,0.01570495033629086
skin_splits,resnet50,0.837430040235059,2,bot_svm_+I_scorer,0.08777153317494713
skin_splits,vit_small_patch16_224,0.8873964624613601,2,bot_svm_+I_scorer,0.06906231040233225
skin_splits,densenet121,0.8696020633214172,2,bot_lsq_+I_scorer,0.04646504491901412
skin_splits,densenet161,0.8887916517351186,2,bot_lsq_+I_scorer,0.5736108635213534
skin_splits,densenet169,0.8821900866175455,2,bot_lsq_+I_scorer,0.5556451775050196
skin_splits,efficientnet_b0,0.8797737251371518,2,bot_lsq_+I_scorer,0.5855953587145087
skin_splits,mobilenetv2_050,0.766613714299033,2,bot_lsq_+I_scorer,-1.7970933566339846
skin_splits,mobilenetv2_100,0.8627503037295365,2,bot_lsq_+I_scorer,-0.3432537323533844
skin_splits,resnet18,0.877213146754537,2,bot_lsq_+I_scorer,-0.745949835434291
skin_splits,resnet34,0.8713709054782028,2,bot_lsq_+I_scorer,0.12881843678902383
skin_splits,resnet50,0.837430040235059,2,bot_lsq_+I_scorer,0.1673271664021449
skin_splits,vit_small_patch16_224,0.8873964624613601,2,bot_lsq_+I_scorer,0.828834876570583
sun397,densenet121,0.4972795969773301,397,bot_overall_scorer,-0.023660984744969586
sun397,densenet161,0.5144584382871537,397,bot_overall_scorer,0.011158229338557809
sun397,densenet169,0.5147103274559194,397,bot_overall_scorer,0.10140009770722286
sun397,efficientnet_b0,0.5225188916876574,397,bot_overall_scorer,0.08064465602053186
sun397,mobilenetv2_050,0.4110327455919396,397,bot_overall_scorer,-0.05837363458486243
sun397,mobilenetv2_100,0.5004030226700252,397,bot_overall_scorer,0.012328963787640321
sun397,resnet18,0.4750125944584382,397,bot_overall_scorer,-0.22929455304290394
sun397,resnet34,0.4847355163727961,397,bot_overall_scorer,-0.16502571291664028
sun397,resnet50,0.5622166246851386,397,bot_overall_scorer,0.3174146970960149
sun397,vit_small_patch16_224,0.666095717884131,397,bot_overall_scorer,-0.04659175866060208
sun397,densenet121,0.4972795969773301,397,bot_per_scorer_scorer,-0.0014282831676722576
sun397,densenet161,0.5144584382871537,397,bot_per_scorer_scorer,0.057261633027696025
sun397,densenet169,0.5147103274559194,397,bot_per_scorer_scorer,0.23385028396587193
sun397,efficientnet_b0,0.5225188916876574,397,bot_per_scorer_scorer,0.092554418685264
sun397,mobilenetv2_050,0.4110327455919396,397,bot_per_scorer_scorer,-0.29161082454620274
sun397,mobilenetv2_100,0.5004030226700252,397,bot_per_scorer_scorer,0.07948879199310797
sun397,resnet18,0.4750125944584382,397,bot_per_scorer_scorer,-0.15139356315056338
sun397,resnet34,0.4847355163727961,397,bot_per_scorer_scorer,-0.16348880299803023
sun397,resnet50,0.5622166246851386,397,bot_per_scorer_scorer,0.11534959030223117
sun397,vit_small_patch16_224,0.666095717884131,397,bot_per_scorer_scorer,0.029416755888287044
sun397,densenet121,0.4972795969773301,397,bot_per_scorer_dataset_scorer,-0.0014282831676724198
sun397,densenet161,0.5144584382871537,397,bot_per_scorer_dataset_scorer,0.05726163302769589
sun397,densenet169,0.5147103274559194,397,bot_per_scorer_dataset_scorer,0.2338502839658718
sun397,efficientnet_b0,0.5225188916876574,397,bot_per_scorer_dataset_scorer,0.09255441868526382
sun397,mobilenetv2_050,0.4110327455919396,397,bot_per_scorer_dataset_scorer,-0.29161082454620296
sun397,mobilenetv2_100,0.5004030226700252,397,bot_per_scorer_dataset_scorer,0.07948879199310782
sun397,resnet18,0.4750125944584382,397,bot_per_scorer_dataset_scorer,-0.15139356315056351
sun397,resnet34,0.4847355163727961,397,bot_per_scorer_dataset_scorer,-0.1634888029980304
sun397,resnet50,0.5622166246851386,397,bot_per_scorer_dataset_scorer,0.11534959030223098
sun397,vit_small_patch16_224,0.666095717884131,397,bot_per_scorer_dataset_scorer,0.02941675588828688
sun397,densenet121,0.4972795969773301,397,bot_svm_scorer,0.15422427726358018
sun397,densenet161,0.5144584382871537,397,bot_svm_scorer,0.17777806518372893
sun397,densenet169,0.5147103274559194,397,bot_svm_scorer,0.19121068122098978
sun397,efficientnet_b0,0.5225188916876574,397,bot_svm_scorer,0.1577726157279831
sun397,mobilenetv2_050,0.4110327455919396,397,bot_svm_scorer,0.04580686597819305
sun397,mobilenetv2_100,0.5004030226700252,397,bot_svm_scorer,0.17539406580437056
sun397,resnet18,0.4750125944584382,397,bot_svm_scorer,0.046731238970584156
sun397,resnet34,0.4847355163727961,397,bot_svm_scorer,0.06161892782227228
sun397,resnet50,0.5622166246851386,397,bot_svm_scorer,0.10769996494163028
sun397,vit_small_patch16_224,0.666095717884131,397,bot_svm_scorer,0.1619121391406957
sun397,densenet121,0.4972795969773301,397,bot_lsq_scorer,0.0033611447505939567
sun397,densenet161,0.5144584382871537,397,bot_lsq_scorer,0.41555321040443566
sun397,densenet169,0.5147103274559194,397,bot_lsq_scorer,1.3509086340018521
sun397,efficientnet_b0,0.5225188916876574,397,bot_lsq_scorer,0.13663376258272122
sun397,mobilenetv2_050,0.4110327455919396,397,bot_lsq_scorer,-1.3038593126086
sun397,mobilenetv2_100,0.5004030226700252,397,bot_lsq_scorer,0.2490752750684994
sun397,resnet18,0.4750125944584382,397,bot_lsq_scorer,-0.2188899851678554
sun397,resnet34,0.4847355163727961,397,bot_lsq_scorer,-0.44392551206073905
sun397,resnet50,0.5622166246851386,397,bot_lsq_scorer,-0.3472871874769151
sun397,vit_small_patch16_224,0.666095717884131,397,bot_lsq_scorer,0.15842997050599616
aircraft,densenet121,0.4713725490196079,100,bot_overall_scorer,-0.014781459978183876
aircraft,densenet161,0.5639750445632798,100,bot_overall_scorer,0.03698839898922097
aircraft,densenet169,0.5251693404634581,100,bot_overall_scorer,0.20927577735354008
aircraft,efficientnet_b0,0.5297682709447415,100,bot_overall_scorer,0.07662364322831414
aircraft,mobilenetv2_050,0.2754367201426025,100,bot_overall_scorer,0.0616745719997595
aircraft,mobilenetv2_100,0.4710516934046345,100,bot_overall_scorer,0.056425607285478414
aircraft,resnet18,0.436969696969697,100,bot_overall_scorer,-0.23634733898021504
aircraft,resnet34,0.4572281639928699,100,bot_overall_scorer,-0.24410303560036237
aircraft,resnet50,0.4186452762923352,100,bot_overall_scorer,0.3024082073513457
aircraft,vit_small_patch16_224,0.565427807486631,100,bot_overall_scorer,-0.24816437164890942
aircraft,densenet121,0.4713725490196079,100,bot_per_scorer_scorer,0.08417567920330661
aircraft,densenet161,0.5639750445632798,100,bot_per_scorer_scorer,0.14346205959485167
aircraft,densenet169,0.5251693404634581,100,bot_per_scorer_scorer,0.2558890320690304
aircraft,efficientnet_b0,0.5297682709447415,100,bot_per_scorer_scorer,0.132006661076373
aircraft,mobilenetv2_050,0.2754367201426025,100,bot_per_scorer_scorer,-0.1760263466611329
aircraft,mobilenetv2_100,0.4710516934046345,100,bot_per_scorer_scorer,0.08784451863984723
aircraft,resnet18,0.436969696969697,100,bot_per_scorer_scorer,-0.13756679687050896
aircraft,resnet34,0.4572281639928699,100,bot_per_scorer_scorer,-0.29232854093295774
aircraft,resnet50,0.4186452762923352,100,bot_per_scorer_scorer,0.08603361855772362
aircraft,vit_small_patch16_224,0.565427807486631,100,bot_per_scorer_scorer,-0.18348988467654428
aircraft,densenet121,0.4713725490196079,100,bot_per_scorer_dataset_scorer,0.08417567920330651
aircraft,densenet161,0.5639750445632798,100,bot_per_scorer_dataset_scorer,0.14346205959485162
aircraft,densenet169,0.5251693404634581,100,bot_per_scorer_dataset_scorer,0.25588903206903035
aircraft,efficientnet_b0,0.5297682709447415,100,bot_per_scorer_dataset_scorer,0.13200666107637293
aircraft,mobilenetv2_050,0.2754367201426025,100,bot_per_scorer_dataset_scorer,-0.17602634666113304
aircraft,mobilenetv2_100,0.4710516934046345,100,bot_per_scorer_dataset_scorer,0.08784451863984714
aircraft,resnet18,0.436969696969697,100,bot_per_scorer_dataset_scorer,-0.13756679687050913
aircraft,resnet34,0.4572281639928699,100,bot_per_scorer_dataset_scorer,-0.29232854093295807
aircraft,resnet50,0.4186452762923352,100,bot_per_scorer_dataset_scorer,0.08603361855772353
aircraft,vit_small_patch16_224,0.565427807486631,100,bot_per_scorer_dataset_scorer,-0.1834898846765445
aircraft,densenet121,0.4713725490196079,100,bot_svm_scorer,0.1591358861303831
aircraft,densenet161,0.5639750445632798,100,bot_svm_scorer,0.1643071369734344
aircraft,densenet169,0.5251693404634581,100,bot_svm_scorer,0.1518819008345545
aircraft,efficientnet_b0,0.5297682709447415,100,bot_svm_scorer,0.13990584359439798
aircraft,mobilenetv2_050,0.2754367201426025,100,bot_svm_scorer,0.06019265048918618
aircraft,mobilenetv2_100,0.4710516934046345,100,bot_svm_scorer,0.14614237625559956
aircraft,resnet18,0.436969696969697,100,bot_svm_scorer,0.04379707996864172
aircraft,resnet34,0.4572281639928699,100,bot_svm_scorer,0.03406077594127378
aircraft,resnet50,0.4186452762923352,100,bot_svm_scorer,0.11033255406862157
aircraft,vit_small_patch16_224,0.565427807486631,100,bot_svm_scorer,0.035370647044578984
aircraft,densenet121,0.4713725490196079,100,bot_lsq_scorer,0.3229980309182704
aircraft,densenet161,0.5639750445632798,100,bot_lsq_scorer,0.5868348917033019
aircraft,densenet169,0.5251693404634581,100,bot_lsq_scorer,1.239026691505848
aircraft,efficientnet_b0,0.5297682709447415,100,bot_lsq_scorer,0.218963647854923
aircraft,mobilenetv2_050,0.2754367201426025,100,bot_lsq_scorer,-1.1561442756012381
aircraft,mobilenetv2_100,0.4710516934046345,100,bot_lsq_scorer,0.11602974944683543
aircraft,resnet18,0.436969696969697,100,bot_lsq_scorer,-0.04297897350447679
aircraft,resnet34,0.4572281639928699,100,bot_lsq_scorer,-0.6855623610834345
aircraft,resnet50,0.4186452762923352,100,bot_lsq_scorer,-0.35246479000288317
aircraft,vit_small_patch16_224,0.565427807486631,100,bot_lsq_scorer,-0.24670261123715562
caltech101,densenet121,0.8815445752305655,102,bot_overall_scorer,0.01668784638753794
caltech101,densenet161,0.8829722380342162,102,bot_overall_scorer,0.040890763297775884
caltech101,densenet169,0.8758115275142656,102,bot_overall_scorer,0.14445872030057552
caltech101,efficientnet_b0,0.8765689914873004,102,bot_overall_scorer,0.08707478391076058
caltech101,mobilenetv2_050,0.7402435857011531,102,bot_overall_scorer,-0.004670937334098811
caltech101,mobilenetv2_100,0.832364617775022,102,bot_overall_scorer,0.03539145634525666
caltech101,resnet18,0.8249618148343529,102,bot_overall_scorer,-0.2919157553051962
caltech101,resnet34,0.8647097209885856,102,bot_overall_scorer,-0.16499178830369415
caltech101,resnet50,0.8786984754059276,102,bot_overall_scorer,0.24530011284135775
caltech101,vit_small_patch16_224,0.9325890758913568,102,bot_overall_scorer,-0.1082252021402843
caltech101,densenet121,0.8815445752305655,102,bot_per_scorer_scorer,0.07879331199598
caltech101,densenet161,0.8829722380342162,102,bot_per_scorer_scorer,0.08476189194596191
caltech101,densenet169,0.8758115275142656,102,bot_per_scorer_scorer,0.1423731905894886
caltech101,efficientnet_b0,0.8765689914873004,102,bot_per_scorer_scorer,0.09591325283656575
caltech101,mobilenetv2_050,0.7402435857011531,102,bot_per_scorer_scorer,-0.3364051751713882
caltech101,mobilenetv2_100,0.832364617775022,102,bot_per_scorer_scorer,0.09996786637739474
caltech101,resnet18,0.8249618148343529,102,bot_per_scorer_scorer,-0.15123040795445777
caltech101,resnet34,0.8647097209885856,102,bot_per_scorer_scorer,-0.08131781406884075
caltech101,resnet50,0.8786984754059276,102,bot_per_scorer_scorer,0.11114520840187107
caltech101,vit_small_patch16_224,0.9325890758913568,102,bot_per_scorer_scorer,-0.04400132495258257
caltech101,densenet121,0.8815445752305655,102,bot_per_scorer_dataset_scorer,0.07879331199597989
caltech101,densenet161,0.8829722380342162,102,bot_per_scorer_dataset_scorer,0.08476189194596183
caltech101,densenet169,0.8758115275142656,102,bot_per_scorer_dataset_scorer,0.14237319058948852
caltech101,efficientnet_b0,0.8765689914873004,102,bot_per_scorer_dataset_scorer,0.0959132528365657
caltech101,mobilenetv2_050,0.7402435857011531,102,bot_per_scorer_dataset_scorer,-0.33640517517138846
caltech101,mobilenetv2_100,0.832364617775022,102,bot_per_scorer_dataset_scorer,0.09996786637739466
caltech101,resnet18,0.8249618148343529,102,bot_per_scorer_dataset_scorer,-0.15123040795445794
caltech101,resnet34,0.8647097209885856,102,bot_per_scorer_dataset_scorer,-0.08131781406884085
caltech101,resnet50,0.8786984754059276,102,bot_per_scorer_dataset_scorer,0.11114520840187096
caltech101,vit_small_patch16_224,0.9325890758913568,102,bot_per_scorer_dataset_scorer,-0.0440013249525827
caltech101,densenet121,0.8815445752305655,102,bot_svm_scorer,0.12030972433629666
caltech101,densenet161,0.8829722380342162,102,bot_svm_scorer,0.12546886314141026
caltech101,densenet169,0.8758115275142656,102,bot_svm_scorer,0.12378031109475701
caltech101,efficientnet_b0,0.8765689914873004,102,bot_svm_scorer,0.09728742441267049
caltech101,mobilenetv2_050,0.7402435857011531,102,bot_svm_scorer,0.002454800246703158
caltech101,mobilenetv2_100,0.832364617775022,102,bot_svm_scorer,0.12381608021647286
caltech101,resnet18,0.8249618148343529,102,bot_svm_scorer,0.007319233832285922
caltech101,resnet34,0.8647097209885856,102,bot_svm_scorer,0.04731793857703881
caltech101,resnet50,0.8786984754059276,102,bot_svm_scorer,0.060374615082913315
caltech101,vit_small_patch16_224,0.9325890758913568,102,bot_svm_scorer,0.08347631879876269
caltech101,densenet121,0.8815445752305655,102,bot_lsq_scorer,0.2480748790940024
caltech101,densenet161,0.8829722380342162,102,bot_lsq_scorer,0.3768976228307134
caltech101,densenet169,0.8758115275142656,102,bot_lsq_scorer,0.8105354907534892
caltech101,efficientnet_b0,0.8765689914873004,102,bot_lsq_scorer,0.13639751986053744
caltech101,mobilenetv2_050,0.7402435857011531,102,bot_lsq_scorer,-1.5141116952522125
caltech101,mobilenetv2_100,0.832364617775022,102,bot_lsq_scorer,0.3772811442899934
caltech101,resnet18,0.8249618148343529,102,bot_lsq_scorer,0.045579274007095244
caltech101,resnet34,0.8647097209885856,102,bot_lsq_scorer,-0.09165479433862296
caltech101,resnet50,0.8786984754059276,102,bot_lsq_scorer,-0.27820304751570946
caltech101,vit_small_patch16_224,0.9325890758913568,102,bot_lsq_scorer,-0.11079639372928557
oxfordpets,densenet121,0.8749529978927144,37,bot_overall_scorer,-0.02695872255870397
oxfordpets,densenet161,0.9091687679792296,37,bot_overall_scorer,0.02826906008808908
oxfordpets,densenet169,0.88930303093936,37,bot_overall_scorer,0.1173043218081964
oxfordpets,efficientnet_b0,0.885601714709954,37,bot_overall_scorer,0.12187638475323606
oxfordpets,mobilenetv2_050,0.732783644033913,37,bot_overall_scorer,-0.07326160648904353
oxfordpets,mobilenetv2_100,0.8584925162348174,37,bot_overall_scorer,0.051948822271204904
oxfordpets,resnet18,0.8580522388049154,37,bot_overall_scorer,-0.26470432835537816
oxfordpets,resnet34,0.8813056148657081,37,bot_overall_scorer,-0.0628392664798138
oxfordpets,resnet50,0.9051590955642684,37,bot_overall_scorer,0.24845398099627686
oxfordpets,vit_small_patch16_224,0.9204170877115228,37,bot_overall_scorer,-0.1400886460340726
oxfordpets,densenet121,0.8749529978927144,37,bot_per_scorer_scorer,0.05205652148505773
oxfordpets,densenet161,0.9091687679792296,37,bot_per_scorer_scorer,0.06784427469545269
oxfordpets,densenet169,0.88930303093936,37,bot_per_scorer_scorer,0.15556909313422732
oxfordpets,efficientnet_b0,0.885601714709954,37,bot_per_scorer_scorer,0.09714909998408645
oxfordpets,mobilenetv2_050,0.732783644033913,37,bot_per_scorer_scorer,-0.3467469859758252
oxfordpets,mobilenetv2_100,0.8584925162348174,37,bot_per_scorer_scorer,0.08431640628331677
oxfordpets,resnet18,0.8580522388049154,37,bot_per_scorer_scorer,-0.09651987573851344
oxfordpets,resnet34,0.8813056148657081,37,bot_per_scorer_scorer,-0.05153120712511783
oxfordpets,resnet50,0.9051590955642684,37,bot_per_scorer_scorer,0.10469949730643359
oxfordpets,vit_small_patch16_224,0.9204170877115228,37,bot_per_scorer_scorer,-0.06683682404912471
oxfordpets,densenet121,0.8749529978927144,37,bot_per_scorer_dataset_scorer,0.052056521485057586
oxfordpets,densenet161,0.9091687679792296,37,bot_per_scorer_dataset_scorer,0.06784427469545258
oxfordpets,densenet169,0.88930303093936,37,bot_per_scorer_dataset_scorer,0.1555690931342272
oxfordpets,efficientnet_b0,0.885601714709954,37,bot_per_scorer_dataset_scorer,0.09714909998408636
oxfordpets,mobilenetv2_050,0.732783644033913,37,bot_per_scorer_dataset_scorer,-0.34674698597582554
oxfordpets,mobilenetv2_100,0.8584925162348174,37,bot_per_scorer_dataset_scorer,0.08431640628331664
oxfordpets,resnet18,0.8580522388049154,37,bot_per_scorer_dataset_scorer,-0.09651987573851359
oxfordpets,resnet34,0.8813056148657081,37,bot_per_scorer_dataset_scorer,-0.05153120712511798
oxfordpets,resnet50,0.9051590955642684,37,bot_per_scorer_dataset_scorer,0.10469949730643349
oxfordpets,vit_small_patch16_224,0.9204170877115228,37,bot_per_scorer_dataset_scorer,-0.06683682404912486
oxfordpets,densenet121,0.8749529978927144,37,bot_svm_scorer,0.13186986277078033
oxfordpets,densenet161,0.9091687679792296,37,bot_svm_scorer,0.13707159132387187
oxfordpets,densenet169,0.88930303093936,37,bot_svm_scorer,0.1387375659766134
oxfordpets,efficientnet_b0,0.885601714709954,37,bot_svm_scorer,0.08938958745821443
oxfordpets,mobilenetv2_050,0.732783644033913,37,bot_svm_scorer,0.013629686761232836
oxfordpets,mobilenetv2_100,0.8584925162348174,37,bot_svm_scorer,0.12261547062205432
oxfordpets,resnet18,0.8580522388049154,37,bot_svm_scorer,0.006441363373354145
oxfordpets,resnet34,0.8813056148657081,37,bot_svm_scorer,0.09122794755846345
oxfordpets,resnet50,0.9051590955642684,37,bot_svm_scorer,0.06668527838260337
oxfordpets,vit_small_patch16_224,0.9204170877115228,37,bot_svm_scorer,0.05573032750729462
oxfordpets,densenet121,0.8749529978927144,37,bot_lsq_scorer,0.3044312231149299
oxfordpets,densenet161,0.9091687679792296,37,bot_lsq_scorer,0.3100393744768686
oxfordpets,densenet169,0.88930303093936,37,bot_lsq_scorer,0.8737892478429057
oxfordpets,efficientnet_b0,0.885601714709954,37,bot_lsq_scorer,0.017570814209703262
oxfordpets,mobilenetv2_050,0.732783644033913,37,bot_lsq_scorer,-1.38997959501797
oxfordpets,mobilenetv2_100,0.8584925162348174,37,bot_lsq_scorer,0.16932652481542504
oxfordpets,resnet18,0.8580522388049154,37,bot_lsq_scorer,0.18217527116704768
oxfordpets,resnet34,0.8813056148657081,37,bot_lsq_scorer,-0.20531614771292625
oxfordpets,resnet50,0.9051590955642684,37,bot_lsq_scorer,-0.19604915535660022
oxfordpets,vit_small_patch16_224,0.9204170877115228,37,bot_lsq_scorer,-0.06598755753937603
flowers102,densenet121,0.858917660516678,102,bot_overall_scorer,0.10307876190372442
flowers102,densenet161,0.9144551533143834,102,bot_overall_scorer,0.10010252179237296
flowers102,densenet169,0.8957135720878885,102,bot_overall_scorer,0.1035978130023358
flowers102,efficientnet_b0,0.8851406795994877,102,bot_overall_scorer,0.10359782542300576
flowers102,mobilenetv2_050,0.7601569893406188,102,bot_overall_scorer,0.10359782890953884
flowers102,mobilenetv2_100,0.8648456641679183,102,bot_overall_scorer,0.10359782376276246
flowers102,resnet18,0.8643704787540395,102,bot_overall_scorer,-0.3114571991187487
flowers102,resnet34,0.8527516726532692,102,bot_overall_scorer,-0.3208660057965832
flowers102,resnet50,0.8035061471145255,102,bot_overall_scorer,0.10359782488231889
flowers102,vit_small_patch16_224,0.9885636935860358,102,bot_overall_scorer,-0.08884719476073624
flowers102,densenet121,0.858917660516678,102,bot_per_scorer_scorer,0.07902329144882375
flowers102,densenet161,0.9144551533143834,102,bot_per_scorer_scorer,0.06993802191944594
flowers102,densenet169,0.8957135720878885,102,bot_per_scorer_scorer,0.07792761099647608
flowers102,efficientnet_b0,0.8851406795994877,102,bot_per_scorer_scorer,0.06768392749753971
flowers102,mobilenetv2_050,0.7601569893406188,102,bot_per_scorer_scorer,-0.40159964643854146
flowers102,mobilenetv2_100,0.8648456641679183,102,bot_per_scorer_scorer,0.07047096672415233
flowers102,resnet18,0.8643704787540395,102,bot_per_scorer_scorer,-0.006964305636634721
flowers102,resnet34,0.8527516726532692,102,bot_per_scorer_scorer,-0.043399521089601524
flowers102,resnet50,0.8035061471145255,102,bot_per_scorer_scorer,0.06050812525647719
flowers102,vit_small_patch16_224,0.9885636935860358,102,bot_per_scorer_scorer,0.026411529321852433
flowers102,densenet121,0.858917660516678,102,bot_per_scorer_dataset_scorer,0.0790232914488236
flowers102,densenet161,0.9144551533143834,102,bot_per_scorer_dataset_scorer,0.06993802191944579
flowers102,densenet169,0.8957135720878885,102,bot_per_scorer_dataset_scorer,0.07792761099647592
flowers102,efficientnet_b0,0.8851406795994877,102,bot_per_scorer_dataset_scorer,0.06768392749753957
flowers102,mobilenetv2_050,0.7601569893406188,102,bot_per_scorer_dataset_scorer,-0.40159964643854174
flowers102,mobilenetv2_100,0.8648456641679183,102,bot_per_scorer_dataset_scorer,0.07047096672415215
flowers102,resnet18,0.8643704787540395,102,bot_per_scorer_dataset_scorer,-0.006964305636634925
flowers102,resnet34,0.8527516726532692,102,bot_per_scorer_dataset_scorer,-0.04339952108960169
flowers102,resnet50,0.8035061471145255,102,bot_per_scorer_dataset_scorer,0.060508125256477065
flowers102,vit_small_patch16_224,0.9885636935860358,102,bot_per_scorer_dataset_scorer,0.026411529321852277
flowers102,densenet121,0.858917660516678,102,bot_svm_scorer,0.1619797190862447
flowers102,densenet161,0.9144551533143834,102,bot_svm_scorer,0.14532940964958838
flowers102,densenet169,0.8957135720878885,102,bot_svm_scorer,0.16041867807121804
flowers102,efficientnet_b0,0.8851406795994877,102,bot_svm_scorer,0.1368380699830984
flowers102,mobilenetv2_050,0.7601569893406188,102,bot_svm_scorer,0.05686786399865377
flowers102,mobilenetv2_100,0.8648456641679183,102,bot_svm_scorer,0.1445244579770622
flowers102,resnet18,0.8643704787540395,102,bot_svm_scorer,0.06879895026053998
flowers102,resnet34,0.8527516726532692,102,bot_svm_scorer,0.061151789501537726
flowers102,resnet50,0.8035061471145255,102,bot_svm_scorer,0.1172536271170438
flowers102,vit_small_patch16_224,0.9885636935860358,102,bot_svm_scorer,0.136285675757106
flowers102,densenet121,0.858917660516678,102,bot_lsq_scorer,0.39563221332632964
flowers102,densenet161,0.9144551533143834,102,bot_lsq_scorer,0.07601365229259262
flowers102,densenet169,0.8957135720878885,102,bot_lsq_scorer,0.34968702071306057
flowers102,efficientnet_b0,0.8851406795994877,102,bot_lsq_scorer,-0.03896518932488912
flowers102,mobilenetv2_050,0.7601569893406188,102,bot_lsq_scorer,-2.2216070713530467
flowers102,mobilenetv2_100,0.8648456641679183,102,bot_lsq_scorer,0.06677693035197077
flowers102,resnet18,0.8643704787540395,102,bot_lsq_scorer,0.9401567580270277
flowers102,resnet34,0.8527516726532692,102,bot_lsq_scorer,0.7265434962709275
flowers102,resnet50,0.8035061471145255,102,bot_lsq_scorer,-0.31121985262635404
flowers102,vit_small_patch16_224,0.9885636935860358,102,bot_lsq_scorer,0.01698204232236274
dtd,densenet121,0.6771276595744681,47,bot_overall_scorer,-0.010895500087470549
dtd,densenet161,0.7074468085106383,47,bot_overall_scorer,0.05477070800045342
dtd,densenet169,0.6867021276595746,47,bot_overall_scorer,0.19748812690979745
dtd,efficientnet_b0,0.6606382978723404,47,bot_overall_scorer,0.08552758772379647
dtd,mobilenetv2_050,0.5957446808510638,47,bot_overall_scorer,0.0573945048249956
dtd,mobilenetv2_100,0.6638297872340426,47,bot_overall_scorer,0.0821293643092344
dtd,resnet18,0.6361702127659573,47,bot_overall_scorer,-0.2636810497069655
dtd,resnet34,0.653723404255319,47,bot_overall_scorer,-0.2426228782021485
dtd,resnet50,0.6670212765957448,47,bot_overall_scorer,0.26232717390694205
dtd,vit_small_patch16_224,0.7585106382978725,47,bot_overall_scorer,-0.22243803767864523
dtd,densenet121,0.6771276595744681,47,bot_per_scorer_scorer,0.05666476555580069
dtd,densenet161,0.7074468085106383,47,bot_per_scorer_scorer,0.0944003416710774
dtd,densenet169,0.6867021276595746,47,bot_per_scorer_scorer,0.18161259046581715
dtd,efficientnet_b0,0.6606382978723404,47,bot_per_scorer_scorer,0.13449189204885914
dtd,mobilenetv2_050,0.5957446808510638,47,bot_per_scorer_scorer,-0.31272518685367184
dtd,mobilenetv2_100,0.6638297872340426,47,bot_per_scorer_scorer,0.1247852046883134
dtd,resnet18,0.6361702127659573,47,bot_per_scorer_scorer,-0.15747423180426676
dtd,resnet34,0.653723404255319,47,bot_per_scorer_scorer,-0.15796588306172607
dtd,resnet50,0.6670212765957448,47,bot_per_scorer_scorer,0.17185062064010706
dtd,vit_small_patch16_224,0.7585106382978725,47,bot_per_scorer_scorer,-0.13564011335031986
dtd,densenet121,0.6771276595744681,47,bot_per_scorer_dataset_scorer,0.056664765555800536
dtd,densenet161,0.7074468085106383,47,bot_per_scorer_dataset_scorer,0.09440034167107723
dtd,densenet169,0.6867021276595746,47,bot_per_scorer_dataset_scorer,0.18161259046581696
dtd,efficientnet_b0,0.6606382978723404,47,bot_per_scorer_dataset_scorer,0.13449189204885895
dtd,mobilenetv2_050,0.5957446808510638,47,bot_per_scorer_dataset_scorer,-0.3127251868536718
dtd,mobilenetv2_100,0.6638297872340426,47,bot_per_scorer_dataset_scorer,0.1247852046883132
dtd,resnet18,0.6361702127659573,47,bot_per_scorer_dataset_scorer,-0.1574742318042669
dtd,resnet34,0.653723404255319,47,bot_per_scorer_dataset_scorer,-0.15796588306172618
dtd,resnet50,0.6670212765957448,47,bot_per_scorer_dataset_scorer,0.17185062064010684
dtd,vit_small_patch16_224,0.7585106382978725,47,bot_per_scorer_dataset_scorer,-0.13564011335032003
dtd,densenet121,0.6771276595744681,47,bot_svm_scorer,0.15778454481625043
dtd,densenet161,0.7074468085106383,47,bot_svm_scorer,0.16488792143945524
dtd,densenet169,0.6867021276595746,47,bot_svm_scorer,0.17182874028418646
dtd,efficientnet_b0,0.6606382978723404,47,bot_svm_scorer,0.1530826554264051
dtd,mobilenetv2_050,0.5957446808510638,47,bot_svm_scorer,0.038673378663602216
dtd,mobilenetv2_100,0.6638297872340426,47,bot_svm_scorer,0.1579659380305647
dtd,resnet18,0.6361702127659573,47,bot_svm_scorer,0.03840875198338046
dtd,resnet34,0.653723404255319,47,bot_svm_scorer,0.04338628576981134
dtd,resnet50,0.6670212765957448,47,bot_svm_scorer,0.12935746500850923
dtd,vit_small_patch16_224,0.7585106382978725,47,bot_svm_scorer,0.05548206205546033
dtd,densenet121,0.6771276595744681,47,bot_lsq_scorer,0.22398819367202313
dtd,densenet161,0.7074468085106383,47,bot_lsq_scorer,0.2920818279634974
dtd,densenet169,0.6867021276595746,47,bot_lsq_scorer,0.8333956742416841
dtd,efficientnet_b0,0.6606382978723404,47,bot_lsq_scorer,0.2366935158343777
dtd,mobilenetv2_050,0.5957446808510638,47,bot_lsq_scorer,-1.4784059886146539
dtd,mobilenetv2_100,0.6638297872340426,47,bot_lsq_scorer,0.2600482356793523
dtd,resnet18,0.6361702127659573,47,bot_lsq_scorer,-0.00417555665016855
dtd,resnet34,0.653723404255319,47,bot_lsq_scorer,-0.15688154541965435
dtd,resnet50,0.6670212765957448,47,bot_lsq_scorer,-0.014960592796751156
dtd,vit_small_patch16_224,0.7585106382978725,47,bot_lsq_scorer,-0.19178376390971388
stanfordcars,densenet121,0.7406016547474712,196,bot_overall_scorer,-0.029932672662293044
stanfordcars,densenet161,0.8046838576698639,196,bot_overall_scorer,0.04632683027655274
stanfordcars,densenet169,0.786676674214534,196,bot_overall_scorer,0.19568906003950998
stanfordcars,efficientnet_b0,0.7527618989500439,196,bot_overall_scorer,0.09343511234203127
stanfordcars,mobilenetv2_050,0.437272996655256,196,bot_overall_scorer,0.02878092676181921
stanfordcars,mobilenetv2_100,0.7278765181351872,196,bot_overall_scorer,0.04662031019317201
stanfordcars,resnet18,0.6828571304635248,196,bot_overall_scorer,-0.23215391054052054
stanfordcars,resnet34,0.7015844780125411,196,bot_overall_scorer,-0.21714262672636578
stanfordcars,resnet50,0.6840747116540279,196,bot_overall_scorer,0.28296731179313733
stanfordcars,vit_small_patch16_224,0.7896935435587035,196,bot_overall_scorer,-0.21459034147705372
stanfordcars,densenet121,0.7406016547474712,196,bot_per_scorer_scorer,0.05880731751361012
stanfordcars,densenet161,0.8046838576698639,196,bot_per_scorer_scorer,0.12566696417842874
stanfordcars,densenet169,0.786676674214534,196,bot_per_scorer_scorer,0.26484490799021915
stanfordcars,efficientnet_b0,0.7527618989500439,196,bot_per_scorer_scorer,0.13054462483810814
stanfordcars,mobilenetv2_050,0.437272996655256,196,bot_per_scorer_scorer,-0.21808067520181776
stanfordcars,mobilenetv2_100,0.7278765181351872,196,bot_per_scorer_scorer,0.07557417053644845
stanfordcars,resnet18,0.6828571304635248,196,bot_per_scorer_scorer,-0.1618315015559618
stanfordcars,resnet34,0.7015844780125411,196,bot_per_scorer_scorer,-0.21191470438674187
stanfordcars,resnet50,0.6840747116540279,196,bot_per_scorer_scorer,0.09679222428480594
stanfordcars,vit_small_patch16_224,0.7896935435587035,196,bot_per_scorer_scorer,-0.1604033281971091
stanfordcars,densenet121,0.7406016547474712,196,bot_per_scorer_dataset_scorer,0.058807317513609986
stanfordcars,densenet161,0.8046838576698639,196,bot_per_scorer_dataset_scorer,0.1256669641784286
stanfordcars,densenet169,0.786676674214534,196,bot_per_scorer_dataset_scorer,0.264844907990219
stanfordcars,efficientnet_b0,0.7527618989500439,196,bot_per_scorer_dataset_scorer,0.13054462483810797
stanfordcars,mobilenetv2_050,0.437272996655256,196,bot_per_scorer_dataset_scorer,-0.2180806752018179
stanfordcars,mobilenetv2_100,0.7278765181351872,196,bot_per_scorer_dataset_scorer,0.07557417053644833
stanfordcars,resnet18,0.6828571304635248,196,bot_per_scorer_dataset_scorer,-0.1618315015559619
stanfordcars,resnet34,0.7015844780125411,196,bot_per_scorer_dataset_scorer,-0.21191470438674195
stanfordcars,resnet50,0.6840747116540279,196,bot_per_scorer_dataset_scorer,0.09679222428480579
stanfordcars,vit_small_patch16_224,0.7896935435587035,196,bot_per_scorer_dataset_scorer,-0.1604033281971092
stanfordcars,densenet121,0.7406016547474712,196,bot_svm_scorer,0.1310000853872081
stanfordcars,densenet161,0.8046838576698639,196,bot_svm_scorer,0.1379196008018334
stanfordcars,densenet169,0.786676674214534,196,bot_svm_scorer,0.12046030307956368
stanfordcars,efficientnet_b0,0.7527618989500439,196,bot_svm_scorer,0.10204871149788158
stanfordcars,mobilenetv2_050,0.437272996655256,196,bot_svm_scorer,0.027925580564152105
stanfordcars,mobilenetv2_100,0.7278765181351872,196,bot_svm_scorer,0.12161149533384084
stanfordcars,resnet18,0.6828571304635248,196,bot_svm_scorer,0.020767118599808274
stanfordcars,resnet34,0.7015844780125411,196,bot_svm_scorer,0.019713770961480727
stanfordcars,resnet50,0.6840747116540279,196,bot_svm_scorer,0.08604231523263284
stanfordcars,vit_small_patch16_224,0.7896935435587035,196,bot_svm_scorer,0.02736358511261336
stanfordcars,densenet121,0.7406016547474712,196,bot_lsq_scorer,0.2862419798160804
stanfordcars,densenet161,0.8046838576698639,196,bot_lsq_scorer,0.5845825231108298
stanfordcars,densenet169,0.786676674214534,196,bot_lsq_scorer,1.3583264525860166
stanfordcars,efficientnet_b0,0.7527618989500439,196,bot_lsq_scorer,0.13341354219976564
stanfordcars,mobilenetv2_050,0.437272996655256,196,bot_lsq_scorer,-1.1457446209729543
stanfordcars,mobilenetv2_100,0.7278765181351872,196,bot_lsq_scorer,0.12023233766460752
stanfordcars,resnet18,0.6828571304635248,196,bot_lsq_scorer,-0.19744336803052256
stanfordcars,resnet34,0.7015844780125411,196,bot_lsq_scorer,-0.4783860955852201
stanfordcars,resnet50,0.6840747116540279,196,bot_lsq_scorer,-0.3910822114456998
stanfordcars,vit_small_patch16_224,0.7896935435587035,196,bot_lsq_scorer,-0.2701405393429096
voc2007,densenet121,0.7514751466188293,20,bot_overall_scorer,-0.002756736185368296
voc2007,densenet161,0.7688094865635919,20,bot_overall_scorer,0.02654588896914476
voc2007,densenet169,0.7616642285292048,20,bot_overall_scorer,0.14530941400615274
voc2007,efficientnet_b0,0.7380492948126209,20,bot_overall_scorer,0.061274371830977684
voc2007,mobilenetv2_050,0.6371678224743836,20,bot_overall_scorer,-0.02223127326123237
voc2007,mobilenetv2_100,0.7254279118088733,20,bot_overall_scorer,0.033750276823536124
voc2007,resnet18,0.710734045583304,20,bot_overall_scorer,-0.2710525126172622
voc2007,resnet34,0.731867486891484,20,bot_overall_scorer,-0.1597990275900443
voc2007,resnet50,0.7792620193279538,20,bot_overall_scorer,0.27569602451143654
voc2007,vit_small_patch16_224,0.8150206970442622,20,bot_overall_scorer,-0.08673642648735035
voc2007,densenet121,0.7514751466188293,20,bot_per_scorer_scorer,0.02273205884492677
voc2007,densenet161,0.7688094865635919,20,bot_per_scorer_scorer,0.023684785585252693
voc2007,densenet169,0.7616642285292048,20,bot_per_scorer_scorer,0.18730231926208438
voc2007,efficientnet_b0,0.7380492948126209,20,bot_per_scorer_scorer,0.09705777469099991
voc2007,mobilenetv2_050,0.6371678224743836,20,bot_per_scorer_scorer,-0.28538801226593885
voc2007,mobilenetv2_100,0.7254279118088733,20,bot_per_scorer_scorer,0.0984211926945077
voc2007,resnet18,0.710734045583304,20,bot_per_scorer_scorer,-0.14847117634449825
voc2007,resnet34,0.731867486891484,20,bot_per_scorer_scorer,-0.10882033636506516
voc2007,resnet50,0.7792620193279538,20,bot_per_scorer_scorer,0.19354792850700295
voc2007,vit_small_patch16_224,0.8150206970442622,20,bot_per_scorer_scorer,-0.08006653460928524
voc2007,densenet121,0.7514751466188293,20,bot_per_scorer_dataset_scorer,0.022732058844926645
voc2007,densenet161,0.7688094865635919,20,bot_per_scorer_dataset_scorer,0.023684785585252572
voc2007,densenet169,0.7616642285292048,20,bot_per_scorer_dataset_scorer,0.1873023192620842
voc2007,efficientnet_b0,0.7380492948126209,20,bot_per_scorer_dataset_scorer,0.09705777469099974
voc2007,mobilenetv2_050,0.6371678224743836,20,bot_per_scorer_dataset_scorer,-0.28538801226593896
voc2007,mobilenetv2_100,0.7254279118088733,20,bot_per_scorer_dataset_scorer,0.09842119269450751
voc2007,resnet18,0.710734045583304,20,bot_per_scorer_dataset_scorer,-0.14847117634449836
voc2007,resnet34,0.731867486891484,20,bot_per_scorer_dataset_scorer,-0.10882033636506529
voc2007,resnet50,0.7792620193279538,20,bot_per_scorer_dataset_scorer,0.19354792850700273
voc2007,vit_small_patch16_224,0.8150206970442622,20,bot_per_scorer_dataset_scorer,-0.08006653460928534
voc2007,densenet121,0.7514751466188293,20,bot_svm_scorer,0.13848487712656102
voc2007,densenet161,0.7688094865635919,20,bot_svm_scorer,0.1400233822506497
voc2007,densenet169,0.7616642285292048,20,bot_svm_scorer,0.15713068681010575
voc2007,efficientnet_b0,0.7380492948126209,20,bot_svm_scorer,0.14437063225444607
voc2007,mobilenetv2_050,0.6371678224743836,20,bot_svm_scorer,0.01962099583768037
voc2007,mobilenetv2_100,0.7254279118088733,20,bot_svm_scorer,0.15554604682708045
voc2007,resnet18,0.710734045583304,20,bot_svm_scorer,0.0182239999574648
voc2007,resnet34,0.731867486891484,20,bot_svm_scorer,0.05406031587480037
voc2007,resnet50,0.7792620193279538,20,bot_svm_scorer,0.0878491933951228
voc2007,vit_small_patch16_224,0.8150206970442622,20,bot_svm_scorer,0.07872263007100741
voc2007,densenet121,0.7514751466188293,20,bot_lsq_scorer,-0.00039530348828635347
voc2007,densenet161,0.7688094865635919,20,bot_lsq_scorer,0.12117332584272032
voc2007,densenet169,0.7616642285292048,20,bot_lsq_scorer,1.012630078057671
voc2007,efficientnet_b0,0.7380492948126209,20,bot_lsq_scorer,0.19788814551007639
voc2007,mobilenetv2_050,0.6371678224743836,20,bot_lsq_scorer,-1.2090331032114325
voc2007,mobilenetv2_100,0.7254279118088733,20,bot_lsq_scorer,0.31538067943878406
voc2007,resnet18,0.710734045583304,20,bot_lsq_scorer,-0.060282086973479844
voc2007,resnet34,0.731867486891484,20,bot_lsq_scorer,-0.2754363034823302
voc2007,resnet50,0.7792620193279538,20,bot_lsq_scorer,0.07397837633065152
voc2007,vit_small_patch16_224,0.8150206970442622,20,bot_lsq_scorer,-0.17590380802439556
brain_tumor_kaggle,densenet121,0.7614071680376029,4,bot_overall_scorer,-0.06514278466243159
brain_tumor_kaggle,densenet161,0.7662720329024677,4,bot_overall_scorer,-0.04977292135573724
brain_tumor_kaggle,densenet169,0.7694594594594595,4,bot_overall_scorer,-0.022493307829867026
brain_tumor_kaggle,efficientnet_b0,0.7525675675675676,4,bot_overall_scorer,-0.04344568044948972
brain_tumor_kaggle,mobilenetv2_050,0.6845565441217615,4,bot_overall_scorer,-0.04778239329822353
brain_tumor_kaggle,mobilenetv2_100,0.7517890716803761,4,bot_overall_scorer,-0.05103274624133671
brain_tumor_kaggle,resnet18,0.7461368977673326,4,bot_overall_scorer,-0.12082682232200291
brain_tumor_kaggle,resnet34,0.7820945945945946,4,bot_overall_scorer,-0.1244853988700608
brain_tumor_kaggle,resnet50,0.7499324324324325,4,bot_overall_scorer,-0.013037267812762442
brain_tumor_kaggle,vit_small_patch16_224,0.7562720329024677,4,bot_overall_scorer,0.5380193228419005
brain_tumor_kaggle,densenet121,0.7614071680376029,4,bot_per_scorer_scorer,0.04362060349350721
brain_tumor_kaggle,densenet161,0.7662720329024677,4,bot_per_scorer_scorer,0.050343582883400816
brain_tumor_kaggle,densenet169,0.7694594594594595,4,bot_per_scorer_scorer,0.16638798598402912
brain_tumor_kaggle,efficientnet_b0,0.7525675675675676,4,bot_per_scorer_scorer,0.11561929429505531
brain_tumor_kaggle,mobilenetv2_050,0.6845565441217615,4,bot_per_scorer_scorer,-0.20679784897288078
brain_tumor_kaggle,mobilenetv2_100,0.7517890716803761,4,bot_per_scorer_scorer,0.09589735268251061
brain_tumor_kaggle,resnet18,0.7461368977673326,4,bot_per_scorer_scorer,-0.19061334596165677
brain_tumor_kaggle,resnet34,0.7820945945945946,4,bot_per_scorer_scorer,-0.20397626831040258
brain_tumor_kaggle,resnet50,0.7499324324324325,4,bot_per_scorer_scorer,0.17564196560906456
brain_tumor_kaggle,vit_small_patch16_224,0.7562720329024677,4,bot_per_scorer_scorer,-0.046123321702641495
brain_tumor_kaggle,densenet121,0.7614071680376029,4,bot_per_scorer_dataset_scorer,0.043620603493507056
brain_tumor_kaggle,densenet161,0.7662720329024677,4,bot_per_scorer_dataset_scorer,0.05034358288340068
brain_tumor_kaggle,densenet169,0.7694594594594595,4,bot_per_scorer_dataset_scorer,0.16638798598402896
brain_tumor_kaggle,efficientnet_b0,0.7525675675675676,4,bot_per_scorer_dataset_scorer,0.11561929429505514
brain_tumor_kaggle,mobilenetv2_050,0.6845565441217615,4,bot_per_scorer_dataset_scorer,-0.20679784897288095
brain_tumor_kaggle,mobilenetv2_100,0.7517890716803761,4,bot_per_scorer_dataset_scorer,0.09589735268251048
brain_tumor_kaggle,resnet18,0.7461368977673326,4,bot_per_scorer_dataset_scorer,-0.19061334596165694
brain_tumor_kaggle,resnet34,0.7820945945945946,4,bot_per_scorer_dataset_scorer,-0.2039762683104027
brain_tumor_kaggle,resnet50,0.7499324324324325,4,bot_per_scorer_dataset_scorer,0.1756419656090644
brain_tumor_kaggle,vit_small_patch16_224,0.7562720329024677,4,bot_per_scorer_dataset_scorer,-0.046123321702641676
brain_tumor_kaggle,densenet121,0.7614071680376029,4,bot_svm_scorer,0.13551280687110606
brain_tumor_kaggle,densenet161,0.7662720329024677,4,bot_svm_scorer,0.13384194040704794
brain_tumor_kaggle,densenet169,0.7694594594594595,4,bot_svm_scorer,0.14975319555944605
brain_tumor_kaggle,efficientnet_b0,0.7525675675675676,4,bot_svm_scorer,0.1170541628390367
brain_tumor_kaggle,mobilenetv2_050,0.6845565441217615,4,bot_svm_scorer,0.044155776883054026
brain_tumor_kaggle,mobilenetv2_100,0.7517890716803761,4,bot_svm_scorer,0.13399034846151484
brain_tumor_kaggle,resnet18,0.7461368977673326,4,bot_svm_scorer,0.037888063247879654
brain_tumor_kaggle,resnet34,0.7820945945945946,4,bot_svm_scorer,0.036105839650946554
brain_tumor_kaggle,resnet50,0.7499324324324325,4,bot_svm_scorer,0.10874269863924996
brain_tumor_kaggle,vit_small_patch16_224,0.7562720329024677,4,bot_svm_scorer,0.09263980458265078
brain_tumor_kaggle,densenet121,0.7614071680376029,4,bot_lsq_scorer,0.1538207878503339
brain_tumor_kaggle,densenet161,0.7662720329024677,4,bot_lsq_scorer,0.021424664156318225
brain_tumor_kaggle,densenet169,0.7694594594594595,4,bot_lsq_scorer,0.6704802609777777
brain_tumor_kaggle,efficientnet_b0,0.7525675675675676,4,bot_lsq_scorer,-0.004198581842468787
brain_tumor_kaggle,mobilenetv2_050,0.6845565441217615,4,bot_lsq_scorer,-1.189899578388488
brain_tumor_kaggle,mobilenetv2_100,0.7517890716803761,4,bot_lsq_scorer,0.12270997227037495
brain_tumor_kaggle,resnet18,0.7461368977673326,4,bot_lsq_scorer,-0.15275422423659019
brain_tumor_kaggle,resnet34,0.7820945945945946,4,bot_lsq_scorer,-0.17303538237337265
brain_tumor_kaggle,resnet50,0.7499324324324325,4,bot_lsq_scorer,0.14690421395421885
brain_tumor_kaggle,vit_small_patch16_224,0.7562720329024677,4,bot_lsq_scorer,0.40454786763186695
breakhis,densenet121,0.98472168599793,2,bot_overall_scorer,-0.05911648766350168
breakhis,densenet161,0.9880595689300466,2,bot_overall_scorer,-0.05686918303553679
breakhis,densenet169,0.9894933269530196,2,bot_overall_scorer,-0.05390872014947148
breakhis,efficientnet_b0,0.9861327866564435,2,bot_overall_scorer,-0.05825361471300485
breakhis,mobilenetv2_050,0.9563582908734324,2,bot_overall_scorer,-0.05975141429255897
breakhis,mobilenetv2_100,0.9804204119290116,2,bot_overall_scorer,-0.05901768972959631
breakhis,resnet18,0.9818994846809028,2,bot_overall_scorer,-0.06466757108527948
breakhis,resnet34,0.990456718089821,2,bot_overall_scorer,-0.06449558475987857
breakhis,resnet50,0.97369933133586,2,bot_overall_scorer,-0.055851326500624604
breakhis,vit_small_patch16_224,0.9909270849759922,2,bot_overall_scorer,0.531931591929446
breakhis,densenet121,0.98472168599793,2,bot_per_scorer_scorer,0.018626683886847076
breakhis,densenet161,0.9880595689300466,2,bot_per_scorer_scorer,0.0661101878084955
breakhis,densenet169,0.9894933269530196,2,bot_per_scorer_scorer,0.2713035394266992
breakhis,efficientnet_b0,0.9861327866564435,2,bot_per_scorer_scorer,0.04994318076040453
breakhis,mobilenetv2_050,0.9563582908734324,2,bot_per_scorer_scorer,-0.13084274610382773
breakhis,mobilenetv2_100,0.9804204119290116,2,bot_per_scorer_scorer,0.018548805977451864
breakhis,resnet18,0.9818994846809028,2,bot_per_scorer_scorer,-0.2088817331582646
breakhis,resnet34,0.990456718089821,2,bot_per_scorer_scorer,-0.19773031848580322
breakhis,resnet50,0.97369933133586,2,bot_per_scorer_scorer,0.1649923051859573
breakhis,vit_small_patch16_224,0.9909270849759922,2,bot_per_scorer_scorer,-0.0520699052979652
breakhis,densenet121,0.98472168599793,2,bot_per_scorer_dataset_scorer,0.01862668388684696
breakhis,densenet161,0.9880595689300466,2,bot_per_scorer_dataset_scorer,0.0661101878084954
breakhis,densenet169,0.9894933269530196,2,bot_per_scorer_dataset_scorer,0.27130353942669916
breakhis,efficientnet_b0,0.9861327866564435,2,bot_per_scorer_dataset_scorer,0.04994318076040443
breakhis,mobilenetv2_050,0.9563582908734324,2,bot_per_scorer_dataset_scorer,-0.1308427461038278
breakhis,mobilenetv2_100,0.9804204119290116,2,bot_per_scorer_dataset_scorer,0.018548805977451746
breakhis,resnet18,0.9818994846809028,2,bot_per_scorer_dataset_scorer,-0.20888173315826472
breakhis,resnet34,0.990456718089821,2,bot_per_scorer_dataset_scorer,-0.19773031848580327
breakhis,resnet50,0.97369933133586,2,bot_per_scorer_dataset_scorer,0.16499230518595717
breakhis,vit_small_patch16_224,0.9909270849759922,2,bot_per_scorer_dataset_scorer,-0.052069905297965215
breakhis,densenet121,0.98472168599793,2,bot_svm_scorer,0.1155490299762579
breakhis,densenet161,0.9880595689300466,2,bot_svm_scorer,0.10884851906262795
breakhis,densenet169,0.9894933269530196,2,bot_svm_scorer,0.10427456390971811
breakhis,efficientnet_b0,0.9861327866564435,2,bot_svm_scorer,0.10096273421976865
breakhis,mobilenetv2_050,0.9563582908734324,2,bot_svm_scorer,0.06369239005344457
breakhis,mobilenetv2_100,0.9804204119290116,2,bot_svm_scorer,0.11228376971513693
breakhis,resnet18,0.9818994846809028,2,bot_svm_scorer,0.03176576608219991
breakhis,resnet34,0.990456718089821,2,bot_svm_scorer,0.03292213122524372
breakhis,resnet50,0.97369933133586,2,bot_svm_scorer,0.07365179135887902
breakhis,vit_small_patch16_224,0.9909270849759922,2,bot_svm_scorer,0.06571084669642722
breakhis,densenet121,0.98472168599793,2,bot_lsq_scorer,-0.06413419219755168
breakhis,densenet161,0.9880595689300466,2,bot_lsq_scorer,-0.024737879405104326
breakhis,densenet169,0.9894933269530196,2,bot_lsq_scorer,0.9759990267365588
breakhis,efficientnet_b0,0.9861327866564435,2,bot_lsq_scorer,-0.14804860909125858
breakhis,mobilenetv2_050,0.9563582908734324,2,bot_lsq_scorer,-0.5640477997798649
breakhis,mobilenetv2_100,0.9804204119290116,2,bot_lsq_scorer,-0.11014360319207803
breakhis,resnet18,0.9818994846809028,2,bot_lsq_scorer,-0.18183258586440354
breakhis,resnet34,0.990456718089821,2,bot_lsq_scorer,-0.15852872234453874
breakhis,resnet50,0.97369933133586,2,bot_lsq_scorer,0.07219276366672622
breakhis,vit_small_patch16_224,0.9909270849759922,2,bot_lsq_scorer,0.20328160147152838
skin_splits,densenet121,0.8696020633214172,2,bot_overall_scorer,-0.06406424940229656
skin_splits,densenet161,0.8887916517351186,2,bot_overall_scorer,-0.0635065174438364
skin_splits,densenet169,0.8821900866175455,2,bot_overall_scorer,-0.06287889811945303
skin_splits,efficientnet_b0,0.8797737251371518,2,bot_overall_scorer,-0.06363015234216612
skin_splits,mobilenetv2_050,0.766613714299033,2,bot_overall_scorer,-0.0638307683581431
skin_splits,mobilenetv2_100,0.8627503037295365,2,bot_overall_scorer,-0.0638584041559061
skin_splits,resnet18,0.877213146754537,2,bot_overall_scorer,-0.06478162666267608
skin_splits,resnet34,0.8713709054782028,2,bot_overall_scorer,-0.06509283641732651
skin_splits,resnet50,0.837430040235059,2,bot_overall_scorer,-0.06318778172739103
skin_splits,vit_small_patch16_224,0.8873964624613601,2,bot_overall_scorer,0.5748312346291882
skin_splits,densenet121,0.8696020633214172,2,bot_per_scorer_scorer,-0.07624509877983947
skin_splits,densenet161,0.8887916517351186,2,bot_per_scorer_scorer,-0.004344838211384622
skin_splits,densenet169,0.8821900866175455,2,bot_per_scorer_scorer,0.24254543129822492
skin_splits,efficientnet_b0,0.8797737251371518,2,bot_per_scorer_scorer,0.1004752503545261
skin_splits,mobilenetv2_050,0.766613714299033,2,bot_per_scorer_scorer,0.05349229425543182
skin_splits,mobilenetv2_100,0.8627503037295365,2,bot_per_scorer_scorer,0.013094780246769702
skin_splits,resnet18,0.877213146754537,2,bot_per_scorer_scorer,-0.22699723477682945
skin_splits,resnet34,0.8713709054782028,2,bot_per_scorer_scorer,-0.28311031298374495
skin_splits,resnet50,0.837430040235059,2,bot_per_scorer_scorer,0.2049822631181957
skin_splits,vit_small_patch16_224,0.8873964624613601,2,bot_per_scorer_scorer,-0.023892534521363456
skin_splits,densenet121,0.8696020633214172,2,bot_per_scorer_dataset_scorer,-0.0762450987798395
skin_splits,densenet161,0.8887916517351186,2,bot_per_scorer_dataset_scorer,-0.004344838211384662
skin_splits,densenet169,0.8821900866175455,2,bot_per_scorer_dataset_scorer,0.24254543129822484
skin_splits,efficientnet_b0,0.8797737251371518,2,bot_per_scorer_dataset_scorer,0.10047525035452606
skin_splits,mobilenetv2_050,0.766613714299033,2,bot_per_scorer_dataset_scorer,0.053492294255431776
skin_splits,mobilenetv2_100,0.8627503037295365,2,bot_per_scorer_dataset_scorer,0.013094780246769662
skin_splits,resnet18,0.877213146754537,2,bot_per_scorer_dataset_scorer,-0.22699723477682957
skin_splits,resnet34,0.8713709054782028,2,bot_per_scorer_dataset_scorer,-0.28311031298374495
skin_splits,resnet50,0.837430040235059,2,bot_per_scorer_dataset_scorer,0.20498226311819565
skin_splits,vit_small_patch16_224,0.8873964624613601,2,bot_per_scorer_dataset_scorer,-0.023892534521363473
skin_splits,densenet121,0.8696020633214172,2,bot_svm_scorer,0.06479228176460927
skin_splits,densenet161,0.8887916517351186,2,bot_svm_scorer,0.09203588472069699
skin_splits,densenet169,0.8821900866175455,2,bot_svm_scorer,0.10603025609182451
skin_splits,efficientnet_b0,0.8797737251371518,2,bot_svm_scorer,0.08589462186376043
skin_splits,mobilenetv2_050,0.766613714299033,2,bot_svm_scorer,0.10089523912170589
skin_splits,mobilenetv2_100,0.8627503037295365,2,bot_svm_scorer,0.09303859610298867
skin_splits,resnet18,0.877213146754537,2,bot_svm_scorer,-0.0002430213426526523
skin_splits,resnet34,0.8713709054782028,2,bot_svm_scorer,0.003790235192812623
skin_splits,resnet50,0.837430040235059,2,bot_svm_scorer,0.055275433141102656
skin_splits,vit_small_patch16_224,0.8873964624613601,2,bot_svm_scorer,0.05633185077378454
skin_splits,densenet121,0.8696020633214172,2,bot_lsq_scorer,-0.24820675706803852
skin_splits,densenet161,0.8887916517351186,2,bot_lsq_scorer,-0.11824330036920595
skin_splits,densenet169,0.8821900866175455,2,bot_lsq_scorer,1.0209761618525492
skin_splits,efficientnet_b0,0.8797737251371518,2,bot_lsq_scorer,0.005816314614799187
skin_splits,mobilenetv2_050,0.766613714299033,2,bot_lsq_scorer,0.01926945184033941
skin_splits,mobilenetv2_100,0.8627503037295365,2,bot_lsq_scorer,-0.13176842580809003
skin_splits,resnet18,0.877213146754537,2,bot_lsq_scorer,-0.3620956190023874
skin_splits,resnet34,0.8713709054782028,2,bot_lsq_scorer,-0.3227874169970042
skin_splits,resnet50,0.837430040235059,2,bot_lsq_scorer,0.1533927997812771
skin_splits,vit_small_patch16_224,0.8873964624613601,2,bot_lsq_scorer,-0.01635320884427283
